[
{
    "model": "contenttypes.contenttype",
    "pk": 1,
    "fields": {
        "app_label": "admin",
        "model": "logentry"
    }
},
{
    "model": "contenttypes.contenttype",
    "pk": 2,
    "fields": {
        "app_label": "auth",
        "model": "group"
    }
},
{
    "model": "contenttypes.contenttype",
    "pk": 3,
    "fields": {
        "app_label": "auth",
        "model": "permission"
    }
},
{
    "model": "contenttypes.contenttype",
    "pk": 4,
    "fields": {
        "app_label": "auth",
        "model": "user"
    }
},
{
    "model": "contenttypes.contenttype",
    "pk": 5,
    "fields": {
        "app_label": "contenttypes",
        "model": "contenttype"
    }
},
{
    "model": "contenttypes.contenttype",
    "pk": 6,
    "fields": {
        "app_label": "sessions",
        "model": "session"
    }
},
{
    "model": "contenttypes.contenttype",
    "pk": 7,
    "fields": {
        "app_label": "courses",
        "model": "course"
    }
},
{
    "model": "contenttypes.contenttype",
    "pk": 8,
    "fields": {
        "app_label": "students",
        "model": "professorcoursemapping"
    }
},
{
    "model": "contenttypes.contenttype",
    "pk": 9,
    "fields": {
        "app_label": "students",
        "model": "studentcoursemapping"
    }
},
{
    "model": "contenttypes.contenttype",
    "pk": 10,
    "fields": {
        "app_label": "students",
        "model": "siteuser"
    }
},
{
    "model": "contenttypes.contenttype",
    "pk": 11,
    "fields": {
        "app_label": "questions",
        "model": "question"
    }
},
{
    "model": "contenttypes.contenttype",
    "pk": 12,
    "fields": {
        "app_label": "questions",
        "model": "option"
    }
},
{
    "model": "contenttypes.contenttype",
    "pk": 13,
    "fields": {
        "app_label": "questions",
        "model": "config"
    }
},
{
    "model": "students.professorcoursemapping",
    "pk": 4,
    "fields": {
        "professor": 76,
        "course": 4,
        "config": 4
    }
},
{
    "model": "students.professorcoursemapping",
    "pk": 5,
    "fields": {
        "professor": 76,
        "course": 5,
        "config": 5
    }
},
{
    "model": "students.professorcoursemapping",
    "pk": 6,
    "fields": {
        "professor": 75,
        "course": 6,
        "config": 6
    }
},
{
    "model": "auth.permission",
    "pk": 1,
    "fields": {
        "name": "Can add log entry",
        "content_type": 1,
        "codename": "add_logentry"
    }
},
{
    "model": "auth.permission",
    "pk": 2,
    "fields": {
        "name": "Can change log entry",
        "content_type": 1,
        "codename": "change_logentry"
    }
},
{
    "model": "auth.permission",
    "pk": 3,
    "fields": {
        "name": "Can delete log entry",
        "content_type": 1,
        "codename": "delete_logentry"
    }
},
{
    "model": "auth.permission",
    "pk": 4,
    "fields": {
        "name": "Can add group",
        "content_type": 2,
        "codename": "add_group"
    }
},
{
    "model": "auth.permission",
    "pk": 5,
    "fields": {
        "name": "Can change group",
        "content_type": 2,
        "codename": "change_group"
    }
},
{
    "model": "auth.permission",
    "pk": 6,
    "fields": {
        "name": "Can delete group",
        "content_type": 2,
        "codename": "delete_group"
    }
},
{
    "model": "auth.permission",
    "pk": 7,
    "fields": {
        "name": "Can add permission",
        "content_type": 3,
        "codename": "add_permission"
    }
},
{
    "model": "auth.permission",
    "pk": 8,
    "fields": {
        "name": "Can change permission",
        "content_type": 3,
        "codename": "change_permission"
    }
},
{
    "model": "auth.permission",
    "pk": 9,
    "fields": {
        "name": "Can delete permission",
        "content_type": 3,
        "codename": "delete_permission"
    }
},
{
    "model": "auth.permission",
    "pk": 10,
    "fields": {
        "name": "Can add user",
        "content_type": 4,
        "codename": "add_user"
    }
},
{
    "model": "auth.permission",
    "pk": 11,
    "fields": {
        "name": "Can change user",
        "content_type": 4,
        "codename": "change_user"
    }
},
{
    "model": "auth.permission",
    "pk": 12,
    "fields": {
        "name": "Can delete user",
        "content_type": 4,
        "codename": "delete_user"
    }
},
{
    "model": "auth.permission",
    "pk": 13,
    "fields": {
        "name": "Can add content type",
        "content_type": 5,
        "codename": "add_contenttype"
    }
},
{
    "model": "auth.permission",
    "pk": 14,
    "fields": {
        "name": "Can change content type",
        "content_type": 5,
        "codename": "change_contenttype"
    }
},
{
    "model": "auth.permission",
    "pk": 15,
    "fields": {
        "name": "Can delete content type",
        "content_type": 5,
        "codename": "delete_contenttype"
    }
},
{
    "model": "auth.permission",
    "pk": 16,
    "fields": {
        "name": "Can add session",
        "content_type": 6,
        "codename": "add_session"
    }
},
{
    "model": "auth.permission",
    "pk": 17,
    "fields": {
        "name": "Can change session",
        "content_type": 6,
        "codename": "change_session"
    }
},
{
    "model": "auth.permission",
    "pk": 18,
    "fields": {
        "name": "Can delete session",
        "content_type": 6,
        "codename": "delete_session"
    }
},
{
    "model": "auth.permission",
    "pk": 19,
    "fields": {
        "name": "Can add course",
        "content_type": 7,
        "codename": "add_course"
    }
},
{
    "model": "auth.permission",
    "pk": 20,
    "fields": {
        "name": "Can change course",
        "content_type": 7,
        "codename": "change_course"
    }
},
{
    "model": "auth.permission",
    "pk": 21,
    "fields": {
        "name": "Can delete course",
        "content_type": 7,
        "codename": "delete_course"
    }
},
{
    "model": "auth.permission",
    "pk": 22,
    "fields": {
        "name": "Can add professor course mapping",
        "content_type": 8,
        "codename": "add_professorcoursemapping"
    }
},
{
    "model": "auth.permission",
    "pk": 23,
    "fields": {
        "name": "Can change professor course mapping",
        "content_type": 8,
        "codename": "change_professorcoursemapping"
    }
},
{
    "model": "auth.permission",
    "pk": 24,
    "fields": {
        "name": "Can delete professor course mapping",
        "content_type": 8,
        "codename": "delete_professorcoursemapping"
    }
},
{
    "model": "auth.permission",
    "pk": 25,
    "fields": {
        "name": "Can add student course mapping",
        "content_type": 9,
        "codename": "add_studentcoursemapping"
    }
},
{
    "model": "auth.permission",
    "pk": 26,
    "fields": {
        "name": "Can change student course mapping",
        "content_type": 9,
        "codename": "change_studentcoursemapping"
    }
},
{
    "model": "auth.permission",
    "pk": 27,
    "fields": {
        "name": "Can delete student course mapping",
        "content_type": 9,
        "codename": "delete_studentcoursemapping"
    }
},
{
    "model": "auth.permission",
    "pk": 28,
    "fields": {
        "name": "Can add site user",
        "content_type": 10,
        "codename": "add_siteuser"
    }
},
{
    "model": "auth.permission",
    "pk": 29,
    "fields": {
        "name": "Can change site user",
        "content_type": 10,
        "codename": "change_siteuser"
    }
},
{
    "model": "auth.permission",
    "pk": 30,
    "fields": {
        "name": "Can delete site user",
        "content_type": 10,
        "codename": "delete_siteuser"
    }
},
{
    "model": "auth.permission",
    "pk": 31,
    "fields": {
        "name": "Can add question",
        "content_type": 11,
        "codename": "add_question"
    }
},
{
    "model": "auth.permission",
    "pk": 32,
    "fields": {
        "name": "Can change question",
        "content_type": 11,
        "codename": "change_question"
    }
},
{
    "model": "auth.permission",
    "pk": 33,
    "fields": {
        "name": "Can delete question",
        "content_type": 11,
        "codename": "delete_question"
    }
},
{
    "model": "auth.permission",
    "pk": 34,
    "fields": {
        "name": "Can add option",
        "content_type": 12,
        "codename": "add_option"
    }
},
{
    "model": "auth.permission",
    "pk": 35,
    "fields": {
        "name": "Can change option",
        "content_type": 12,
        "codename": "change_option"
    }
},
{
    "model": "auth.permission",
    "pk": 36,
    "fields": {
        "name": "Can delete option",
        "content_type": 12,
        "codename": "delete_option"
    }
},
{
    "model": "auth.permission",
    "pk": 37,
    "fields": {
        "name": "Can add config",
        "content_type": 13,
        "codename": "add_config"
    }
},
{
    "model": "auth.permission",
    "pk": 38,
    "fields": {
        "name": "Can change config",
        "content_type": 13,
        "codename": "change_config"
    }
},
{
    "model": "auth.permission",
    "pk": 39,
    "fields": {
        "name": "Can delete config",
        "content_type": 13,
        "codename": "delete_config"
    }
},
{
    "model": "auth.user",
    "pk": 39,
    "fields": {
        "password": "pbkdf2_sha256$30000$iZuOtbAYvIMa$EY8kCg0ZHwPoDTO3StOkeF9W2mhNQiUmKD7vl1NgFBA=",
        "last_login": null,
        "is_superuser": false,
        "username": "mcaine",
        "first_name": "",
        "last_name": "",
        "email": "mcaine@cpp.edu",
        "is_staff": false,
        "is_active": true,
        "date_joined": "2016-11-23T22:48:48Z",
        "groups": [],
        "user_permissions": []
    }
},
{
    "model": "auth.user",
    "pk": 40,
    "fields": {
        "password": "pbkdf2_sha256$30000$V2DlBKYwhetA$BV0OuxbHs/Tt5tYJkrIvw89usK8EV6aRdtM31mPrbSg=",
        "last_login": null,
        "is_superuser": false,
        "username": "tswinton",
        "first_name": "",
        "last_name": "",
        "email": "tswinton@cpp.edu",
        "is_staff": false,
        "is_active": true,
        "date_joined": "2016-11-23T22:48:48Z",
        "groups": [],
        "user_permissions": []
    }
},
{
    "model": "auth.user",
    "pk": 41,
    "fields": {
        "password": "pbkdf2_sha256$30000$rF9HYwfkqzgB$/wmlbi4HlkcJu6e3hiSiaTZKT2J3IYhbF2jqjzvbmR4=",
        "last_login": null,
        "is_superuser": false,
        "username": "zzhang",
        "first_name": "",
        "last_name": "",
        "email": "zzhang@cpp.edu",
        "is_staff": false,
        "is_active": true,
        "date_joined": "2016-11-23T22:48:48Z",
        "groups": [],
        "user_permissions": []
    }
},
{
    "model": "auth.user",
    "pk": 42,
    "fields": {
        "password": "pbkdf2_sha256$30000$VZnrqQvZXunO$/U+dzTMnsZ5TcBH7KYdW/zJd9zpDJccVjfueSissoso=",
        "last_login": null,
        "is_superuser": false,
        "username": "kkhabenskiy",
        "first_name": "",
        "last_name": "",
        "email": "kkhabenskiy@cpp.edu",
        "is_staff": false,
        "is_active": true,
        "date_joined": "2016-11-23T22:48:48Z",
        "groups": [],
        "user_permissions": []
    }
},
{
    "model": "auth.user",
    "pk": 43,
    "fields": {
        "password": "pbkdf2_sha256$30000$V7slT0aW6ee5$KyzsxFHTzm8001v4PXLy+230I3aTgPVWBIQ1wbXTFZY=",
        "last_login": null,
        "is_superuser": false,
        "username": "sskarsgard",
        "first_name": "",
        "last_name": "",
        "email": "sskarsgard@cpp.edu",
        "is_staff": false,
        "is_active": true,
        "date_joined": "2016-11-23T22:48:49Z",
        "groups": [],
        "user_permissions": []
    }
},
{
    "model": "auth.user",
    "pk": 44,
    "fields": {
        "password": "pbkdf2_sha256$30000$5qgyNdBd4Lpa$pb4sQv4gPwC0FF4Cpo/78F7qQnVTT6mk4mFbTbwSLQA=",
        "last_login": null,
        "is_superuser": false,
        "username": "lolin",
        "first_name": "",
        "last_name": "",
        "email": "lolin@cpp.edu",
        "is_staff": false,
        "is_active": true,
        "date_joined": "2016-11-23T22:48:49Z",
        "groups": [],
        "user_permissions": []
    }
},
{
    "model": "auth.user",
    "pk": 45,
    "fields": {
        "password": "pbkdf2_sha256$30000$gGZH2ndJkDc7$oNi1oqehPFEmhXiVO1IPM3yTj7q8G2FvzFJcJs3PFww=",
        "last_login": null,
        "is_superuser": false,
        "username": "lvelez",
        "first_name": "",
        "last_name": "",
        "email": "lvelez@cpp.edu",
        "is_staff": false,
        "is_active": true,
        "date_joined": "2016-11-23T22:48:49Z",
        "groups": [],
        "user_permissions": []
    }
},
{
    "model": "auth.user",
    "pk": 46,
    "fields": {
        "password": "pbkdf2_sha256$30000$HYd7k0NEOxVS$urqBuKuG75vEcM99Tl0XjlS/oeUK/D7PMgoye83rXII=",
        "last_login": null,
        "is_superuser": false,
        "username": "mfelix",
        "first_name": "",
        "last_name": "",
        "email": "mfelix@cpp.edu",
        "is_staff": false,
        "is_active": true,
        "date_joined": "2016-11-23T22:48:49Z",
        "groups": [],
        "user_permissions": []
    }
},
{
    "model": "auth.user",
    "pk": 47,
    "fields": {
        "password": "pbkdf2_sha256$30000$8dxtomIHzjTa$UygEqURmfQNNzycfCNDDADNC3Zz1qlji25flo2U0x/k=",
        "last_login": null,
        "is_superuser": false,
        "username": "gsmith",
        "first_name": "",
        "last_name": "",
        "email": "gsmith@cpp.edu",
        "is_staff": false,
        "is_active": true,
        "date_joined": "2016-11-23T22:48:49Z",
        "groups": [],
        "user_permissions": []
    }
},
{
    "model": "auth.user",
    "pk": 48,
    "fields": {
        "password": "pbkdf2_sha256$30000$Z3RfXVVtV1AY$vy7FkXjK+f0whP/PTKqB7jdg/mcREjvb1rA7Vtk2+uQ=",
        "last_login": null,
        "is_superuser": false,
        "username": "jjohnsom",
        "first_name": "",
        "last_name": "",
        "email": "jjohnsom@cpp.edu",
        "is_staff": false,
        "is_active": true,
        "date_joined": "2016-11-23T22:48:50Z",
        "groups": [],
        "user_permissions": []
    }
},
{
    "model": "auth.user",
    "pk": 49,
    "fields": {
        "password": "pbkdf2_sha256$30000$BuJ4BR9aGqZ6$rc5p+C1FwsqM9PbYdAGxxDLpuFnN5o7rjFq6oG+qAow=",
        "last_login": null,
        "is_superuser": false,
        "username": "cwilliams",
        "first_name": "",
        "last_name": "",
        "email": "cwilliams@cpp.edu",
        "is_staff": false,
        "is_active": true,
        "date_joined": "2016-11-23T22:48:50Z",
        "groups": [],
        "user_permissions": []
    }
},
{
    "model": "auth.user",
    "pk": 50,
    "fields": {
        "password": "pbkdf2_sha256$30000$gSFTYBS51k16$JFgpqcyYMKLy1XlWqLJyHBn4rcqnvSZSD0Mn2CUMo1M=",
        "last_login": null,
        "is_superuser": false,
        "username": "kbrown",
        "first_name": "",
        "last_name": "",
        "email": "kbrown@cpp.edu",
        "is_staff": false,
        "is_active": true,
        "date_joined": "2016-11-23T22:48:50Z",
        "groups": [],
        "user_permissions": []
    }
},
{
    "model": "auth.user",
    "pk": 51,
    "fields": {
        "password": "pbkdf2_sha256$30000$mwCrPFQWDz6W$8C0Ffz329Lb7aff+qXOzJt+Gy4k1aAHmTqUsKrVEws4=",
        "last_login": null,
        "is_superuser": false,
        "username": "mjones",
        "first_name": "",
        "last_name": "",
        "email": "mjones@cpp.edu",
        "is_staff": false,
        "is_active": true,
        "date_joined": "2016-11-23T22:48:50Z",
        "groups": [],
        "user_permissions": []
    }
},
{
    "model": "auth.user",
    "pk": 52,
    "fields": {
        "password": "pbkdf2_sha256$30000$IfhDPMJNQSCR$5ffo4rB+fzeN2MuiOk6Ui8Aif/FM7Nq35zsKzkdXiGc=",
        "last_login": null,
        "is_superuser": false,
        "username": "amiller",
        "first_name": "",
        "last_name": "",
        "email": "amiller@cpp.edu",
        "is_staff": false,
        "is_active": true,
        "date_joined": "2016-11-23T22:48:51Z",
        "groups": [],
        "user_permissions": []
    }
},
{
    "model": "auth.user",
    "pk": 53,
    "fields": {
        "password": "pbkdf2_sha256$30000$AZHgCO1c1Ywh$mRK/Nj3g1PMwnh50YG2bB4bG8atGSy7ZpIcAjN4r7ig=",
        "last_login": null,
        "is_superuser": false,
        "username": "mdavis",
        "first_name": "",
        "last_name": "",
        "email": "mdavis@cpp.edu",
        "is_staff": false,
        "is_active": true,
        "date_joined": "2016-11-23T22:48:51Z",
        "groups": [],
        "user_permissions": []
    }
},
{
    "model": "auth.user",
    "pk": 54,
    "fields": {
        "password": "pbkdf2_sha256$30000$uRT8ZVjq0fo6$aX8PhhPM2RAmjY/mM9KI/q/CXeI1fU+ccwKYeeUg/qA=",
        "last_login": null,
        "is_superuser": false,
        "username": "tgarcia",
        "first_name": "",
        "last_name": "",
        "email": "tgarcia@cpp.edu",
        "is_staff": false,
        "is_active": true,
        "date_joined": "2016-11-23T22:48:51Z",
        "groups": [],
        "user_permissions": []
    }
},
{
    "model": "auth.user",
    "pk": 55,
    "fields": {
        "password": "pbkdf2_sha256$30000$XctvdvpA485M$sxNqODjntvl978I1h9hFIl6+PusStIBOWlDq56YXpiE=",
        "last_login": null,
        "is_superuser": false,
        "username": "mrodriguez",
        "first_name": "",
        "last_name": "",
        "email": "mrodriguez@cpp.edu",
        "is_staff": false,
        "is_active": true,
        "date_joined": "2016-11-23T22:48:51Z",
        "groups": [],
        "user_permissions": []
    }
},
{
    "model": "auth.user",
    "pk": 56,
    "fields": {
        "password": "pbkdf2_sha256$30000$7XLPFrkJOodq$iC3cfdPRFdOKSF38L0aaeoGj+aNE7fgwmm0z/rGfZ/0=",
        "last_login": null,
        "is_superuser": false,
        "username": "swilson",
        "first_name": "",
        "last_name": "",
        "email": "swilson@cpp.edu",
        "is_staff": false,
        "is_active": true,
        "date_joined": "2016-11-23T22:48:51Z",
        "groups": [],
        "user_permissions": []
    }
},
{
    "model": "auth.user",
    "pk": 57,
    "fields": {
        "password": "pbkdf2_sha256$30000$FuxVXW9MdssB$k/oDJIX04PI0fiK2qu04ajcE00L/hR/XD9tRhdcHa/A=",
        "last_login": null,
        "is_superuser": false,
        "username": "cmartinez",
        "first_name": "",
        "last_name": "",
        "email": "cmartinez@cpp.edu",
        "is_staff": false,
        "is_active": true,
        "date_joined": "2016-11-23T22:48:51Z",
        "groups": [],
        "user_permissions": []
    }
},
{
    "model": "auth.user",
    "pk": 58,
    "fields": {
        "password": "pbkdf2_sha256$30000$0ODoLn6EA8uO$yDGGOZCRyPosE8zhoAwM89Xez1b/RfoSMOHOJmUZanY=",
        "last_login": null,
        "is_superuser": false,
        "username": "tanderson",
        "first_name": "",
        "last_name": "",
        "email": "tanderson@cpp.edu",
        "is_staff": false,
        "is_active": true,
        "date_joined": "2016-11-23T22:48:52Z",
        "groups": [],
        "user_permissions": []
    }
},
{
    "model": "auth.user",
    "pk": 59,
    "fields": {
        "password": "pbkdf2_sha256$30000$HzdwWiYx4HWj$jshcVC7ZjaQmg2ew43ZZkOn57qIrvejYvPEfFvWBqF8=",
        "last_login": null,
        "is_superuser": false,
        "username": "ktaylor",
        "first_name": "",
        "last_name": "",
        "email": "ktaylor@cpp.edu",
        "is_staff": false,
        "is_active": true,
        "date_joined": "2016-11-23T22:48:52Z",
        "groups": [],
        "user_permissions": []
    }
},
{
    "model": "auth.user",
    "pk": 60,
    "fields": {
        "password": "pbkdf2_sha256$30000$MzQ0wFpaq2e8$63RQEHZmFPD0RQgrq1xHIs8XXiNQtc0F78Jl92Iauhc=",
        "last_login": null,
        "is_superuser": false,
        "username": "athomas",
        "first_name": "",
        "last_name": "",
        "email": "athomas@cpp.edu",
        "is_staff": false,
        "is_active": true,
        "date_joined": "2016-11-23T22:48:52Z",
        "groups": [],
        "user_permissions": []
    }
},
{
    "model": "auth.user",
    "pk": 61,
    "fields": {
        "password": "pbkdf2_sha256$30000$icvxCj6by0wq$cqxAxva8KixylkFS1O+UFuPpvvrfHOQ8bGWRQhI2JD4=",
        "last_login": null,
        "is_superuser": false,
        "username": "chernandez",
        "first_name": "",
        "last_name": "",
        "email": "chernandez@cpp.edu",
        "is_staff": false,
        "is_active": true,
        "date_joined": "2016-11-23T22:48:52Z",
        "groups": [],
        "user_permissions": []
    }
},
{
    "model": "auth.user",
    "pk": 62,
    "fields": {
        "password": "pbkdf2_sha256$30000$LFeMAd6UInEr$A3KE8q8Pqb+rwUmNHU+kaa28BUUxdhm3XBBWKZHZuSM=",
        "last_login": null,
        "is_superuser": false,
        "username": "gmoore",
        "first_name": "",
        "last_name": "",
        "email": "gmoore@cpp.edu",
        "is_staff": false,
        "is_active": true,
        "date_joined": "2016-11-23T22:48:52Z",
        "groups": [],
        "user_permissions": []
    }
},
{
    "model": "auth.user",
    "pk": 63,
    "fields": {
        "password": "pbkdf2_sha256$30000$8t7lmu2RMed0$YMtnI6c6kp3XoNFGMFsnKW+hW9PpQ48AhNiFeH8V/fw=",
        "last_login": null,
        "is_superuser": false,
        "username": "jmartin",
        "first_name": "",
        "last_name": "",
        "email": "jmartin@cpp.edu",
        "is_staff": false,
        "is_active": true,
        "date_joined": "2016-11-23T22:48:52Z",
        "groups": [],
        "user_permissions": []
    }
},
{
    "model": "auth.user",
    "pk": 64,
    "fields": {
        "password": "pbkdf2_sha256$30000$1JEfHIUNuZj6$ejfeNHqkGL4xf4ICZ0FVcLGDdZYRxG/q4y4PVHBsWnU=",
        "last_login": null,
        "is_superuser": false,
        "username": "cjackson",
        "first_name": "",
        "last_name": "",
        "email": "cjackson@cpp.edu",
        "is_staff": false,
        "is_active": true,
        "date_joined": "2016-11-23T22:48:52Z",
        "groups": [],
        "user_permissions": []
    }
},
{
    "model": "auth.user",
    "pk": 65,
    "fields": {
        "password": "pbkdf2_sha256$30000$mgIMUUu4ItVy$mk9LQ+uXnjKtI4Yh9CcG+H3buk8d/O/8t/QnV5NFmdU=",
        "last_login": null,
        "is_superuser": false,
        "username": "dthompson",
        "first_name": "",
        "last_name": "",
        "email": "dthompson@cpp.edu",
        "is_staff": false,
        "is_active": true,
        "date_joined": "2016-11-23T22:48:52Z",
        "groups": [],
        "user_permissions": []
    }
},
{
    "model": "auth.user",
    "pk": 66,
    "fields": {
        "password": "pbkdf2_sha256$30000$OsdFxBqoIdUZ$7JMMDUXwErzKYkgpdxNtS5tXCWRVRkmwUwQ71cSofeY=",
        "last_login": null,
        "is_superuser": false,
        "username": "mwhite",
        "first_name": "",
        "last_name": "",
        "email": "mwhite@cpp.edu",
        "is_staff": false,
        "is_active": true,
        "date_joined": "2016-11-23T22:48:53Z",
        "groups": [],
        "user_permissions": []
    }
},
{
    "model": "auth.user",
    "pk": 67,
    "fields": {
        "password": "pbkdf2_sha256$30000$1vkSCtqEMSIK$PAUAFHiZvyWp/l4krn2FhYEdujoacPqVVsEczyTerUU=",
        "last_login": null,
        "is_superuser": false,
        "username": "slopez",
        "first_name": "",
        "last_name": "",
        "email": "slopez@cpp.edu",
        "is_staff": false,
        "is_active": true,
        "date_joined": "2016-11-23T22:48:53Z",
        "groups": [],
        "user_permissions": []
    }
},
{
    "model": "auth.user",
    "pk": 68,
    "fields": {
        "password": "pbkdf2_sha256$30000$JJSHnnxwWDiu$kzc7iJdZa49bn/WeUGERTaDibxlTN6Q66QmPF8g4Bp0=",
        "last_login": null,
        "is_superuser": false,
        "username": "jlee",
        "first_name": "",
        "last_name": "",
        "email": "jlee@cpp.edu",
        "is_staff": false,
        "is_active": true,
        "date_joined": "2016-11-23T22:48:53Z",
        "groups": [],
        "user_permissions": []
    }
},
{
    "model": "auth.user",
    "pk": 69,
    "fields": {
        "password": "pbkdf2_sha256$30000$FeabD0dB0hgI$K8hfoFN+S5ctlhnHSO9cOPkUAqL/oV28GV2PShdOU1Q=",
        "last_login": null,
        "is_superuser": false,
        "username": "cgonzalez",
        "first_name": "",
        "last_name": "",
        "email": "cgonzalez@cpp.edu",
        "is_staff": false,
        "is_active": true,
        "date_joined": "2016-11-23T22:48:53Z",
        "groups": [],
        "user_permissions": []
    }
},
{
    "model": "auth.user",
    "pk": 70,
    "fields": {
        "password": "pbkdf2_sha256$30000$nxUzZEDkFuAc$j8nIBT3DzaFa1Ao7g/peLQn//Md0uci9C1PBojuE3fE=",
        "last_login": null,
        "is_superuser": false,
        "username": "jharris",
        "first_name": "",
        "last_name": "",
        "email": "jharris@cpp.edu",
        "is_staff": false,
        "is_active": true,
        "date_joined": "2016-11-23T22:48:53Z",
        "groups": [],
        "user_permissions": []
    }
},
{
    "model": "auth.user",
    "pk": 71,
    "fields": {
        "password": "pbkdf2_sha256$30000$9ZmBvEpSq3J5$9WuWHqaV+7jKw7GstRjnzDdoAmLEA5B5WdBMgGjJ37U=",
        "last_login": null,
        "is_superuser": false,
        "username": "dclark",
        "first_name": "",
        "last_name": "",
        "email": "dclark@cpp.edu",
        "is_staff": false,
        "is_active": true,
        "date_joined": "2016-11-23T22:48:53Z",
        "groups": [],
        "user_permissions": []
    }
},
{
    "model": "auth.user",
    "pk": 72,
    "fields": {
        "password": "pbkdf2_sha256$30000$Kof5Ghh0rf6K$21eMQUijxSjR82WogaV7i3Jy2eaqn8IGkKElHNDTbNE=",
        "last_login": null,
        "is_superuser": false,
        "username": "ilewis",
        "first_name": "",
        "last_name": "",
        "email": "ilewis@cpp.edu",
        "is_staff": false,
        "is_active": true,
        "date_joined": "2016-11-23T22:48:53Z",
        "groups": [],
        "user_permissions": []
    }
},
{
    "model": "auth.user",
    "pk": 73,
    "fields": {
        "password": "pbkdf2_sha256$30000$Owxdp15km42w$d91ttqVIeCfE3+0xrFdDqBs4z0GvEjH+mRlFbFV2bqY=",
        "last_login": null,
        "is_superuser": false,
        "username": "srobinson",
        "first_name": "",
        "last_name": "",
        "email": "srobinson@cpp.edu",
        "is_staff": false,
        "is_active": true,
        "date_joined": "2016-11-23T22:48:53Z",
        "groups": [],
        "user_permissions": []
    }
},
{
    "model": "auth.user",
    "pk": 74,
    "fields": {
        "password": "pbkdf2_sha256$30000$6aKaoQMPY2BG$hd4mFmH9WmH2SDTmyEJ6Otp0vorWJScYkKChhZf9AYI=",
        "last_login": null,
        "is_superuser": false,
        "username": "kwalker",
        "first_name": "",
        "last_name": "",
        "email": "kwalker@cpp.edu",
        "is_staff": false,
        "is_active": true,
        "date_joined": "2016-11-23T22:48:53Z",
        "groups": [],
        "user_permissions": []
    }
},
{
    "model": "auth.user",
    "pk": 75,
    "fields": {
        "password": "pbkdf2_sha256$30000$Md0yrzbMVwPc$VAbkMdpsmU7ReOhT15oIhFzStjHyiKGdQvWstzDMGTk=",
        "last_login": null,
        "is_superuser": false,
        "username": "sperez",
        "first_name": "",
        "last_name": "",
        "email": "sperez@cpp.edu",
        "is_staff": true,
        "is_active": true,
        "date_joined": "2016-11-23T22:48:54Z",
        "groups": [],
        "user_permissions": [
            19,
            20,
            21,
            37,
            38,
            39,
            34,
            35,
            36,
            31,
            32,
            33,
            22,
            23,
            24
        ]
    }
},
{
    "model": "auth.user",
    "pk": 76,
    "fields": {
        "password": "pbkdf2_sha256$30000$Ml9ItJYDFkqK$3CpolCv4xC64vmIwxKOUbXVyzSP+JCKDK9zMAkU9Tb0=",
        "last_login": null,
        "is_superuser": false,
        "username": "bhall",
        "first_name": "",
        "last_name": "",
        "email": "bhall@cpp.edu",
        "is_staff": true,
        "is_active": true,
        "date_joined": "2016-11-23T22:48:54Z",
        "groups": [],
        "user_permissions": [
            19,
            20,
            21,
            37,
            38,
            39,
            34,
            35,
            36,
            31,
            32,
            33,
            22,
            23,
            24
        ]
    }
},
{
    "model": "courses.course",
    "pk": 4,
    "fields": {
        "course_title": "Software Engineering",
        "course_number": "CS480",
        "course_quarter": "Winter",
        "course_year": 2017,
        "created_by": null,
        "created_on": "2016-11-23T22:48:54Z"
    }
},
{
    "model": "courses.course",
    "pk": 5,
    "fields": {
        "course_title": "Operating Systems",
        "course_number": "CS431",
        "course_quarter": "Winter",
        "course_year": 2017,
        "created_by": null,
        "created_on": "2016-11-23T22:48:54Z"
    }
},
{
    "model": "courses.course",
    "pk": 6,
    "fields": {
        "course_title": "Compilers and Interpreters",
        "course_number": "CS411",
        "course_quarter": "Winter ",
        "course_year": 2017,
        "created_by": null,
        "created_on": "2016-11-23T22:48:54Z"
    }
},
{
    "model": "students.siteuser",
    "pk": 39,
    "fields": {
        "user": 39,
        "is_professor": false
    }
},
{
    "model": "students.siteuser",
    "pk": 40,
    "fields": {
        "user": 40,
        "is_professor": false
    }
},
{
    "model": "students.siteuser",
    "pk": 41,
    "fields": {
        "user": 41,
        "is_professor": false
    }
},
{
    "model": "students.siteuser",
    "pk": 42,
    "fields": {
        "user": 42,
        "is_professor": false
    }
},
{
    "model": "students.siteuser",
    "pk": 43,
    "fields": {
        "user": 43,
        "is_professor": false
    }
},
{
    "model": "students.siteuser",
    "pk": 44,
    "fields": {
        "user": 44,
        "is_professor": false
    }
},
{
    "model": "students.siteuser",
    "pk": 45,
    "fields": {
        "user": 45,
        "is_professor": false
    }
},
{
    "model": "students.siteuser",
    "pk": 46,
    "fields": {
        "user": 46,
        "is_professor": false
    }
},
{
    "model": "students.siteuser",
    "pk": 47,
    "fields": {
        "user": 47,
        "is_professor": false
    }
},
{
    "model": "students.siteuser",
    "pk": 48,
    "fields": {
        "user": 48,
        "is_professor": false
    }
},
{
    "model": "students.siteuser",
    "pk": 49,
    "fields": {
        "user": 49,
        "is_professor": false
    }
},
{
    "model": "students.siteuser",
    "pk": 50,
    "fields": {
        "user": 50,
        "is_professor": false
    }
},
{
    "model": "students.siteuser",
    "pk": 51,
    "fields": {
        "user": 51,
        "is_professor": false
    }
},
{
    "model": "students.siteuser",
    "pk": 52,
    "fields": {
        "user": 52,
        "is_professor": false
    }
},
{
    "model": "students.siteuser",
    "pk": 53,
    "fields": {
        "user": 53,
        "is_professor": false
    }
},
{
    "model": "students.siteuser",
    "pk": 54,
    "fields": {
        "user": 54,
        "is_professor": false
    }
},
{
    "model": "students.siteuser",
    "pk": 55,
    "fields": {
        "user": 55,
        "is_professor": false
    }
},
{
    "model": "students.siteuser",
    "pk": 56,
    "fields": {
        "user": 56,
        "is_professor": false
    }
},
{
    "model": "students.siteuser",
    "pk": 57,
    "fields": {
        "user": 57,
        "is_professor": false
    }
},
{
    "model": "students.siteuser",
    "pk": 58,
    "fields": {
        "user": 58,
        "is_professor": false
    }
},
{
    "model": "students.siteuser",
    "pk": 59,
    "fields": {
        "user": 59,
        "is_professor": false
    }
},
{
    "model": "students.siteuser",
    "pk": 60,
    "fields": {
        "user": 60,
        "is_professor": false
    }
},
{
    "model": "students.siteuser",
    "pk": 61,
    "fields": {
        "user": 61,
        "is_professor": false
    }
},
{
    "model": "students.siteuser",
    "pk": 62,
    "fields": {
        "user": 62,
        "is_professor": false
    }
},
{
    "model": "students.siteuser",
    "pk": 63,
    "fields": {
        "user": 63,
        "is_professor": false
    }
},
{
    "model": "students.siteuser",
    "pk": 64,
    "fields": {
        "user": 64,
        "is_professor": false
    }
},
{
    "model": "students.siteuser",
    "pk": 65,
    "fields": {
        "user": 65,
        "is_professor": false
    }
},
{
    "model": "students.siteuser",
    "pk": 66,
    "fields": {
        "user": 66,
        "is_professor": false
    }
},
{
    "model": "students.siteuser",
    "pk": 67,
    "fields": {
        "user": 67,
        "is_professor": false
    }
},
{
    "model": "students.siteuser",
    "pk": 68,
    "fields": {
        "user": 68,
        "is_professor": false
    }
},
{
    "model": "students.siteuser",
    "pk": 69,
    "fields": {
        "user": 69,
        "is_professor": false
    }
},
{
    "model": "students.siteuser",
    "pk": 70,
    "fields": {
        "user": 70,
        "is_professor": false
    }
},
{
    "model": "students.siteuser",
    "pk": 71,
    "fields": {
        "user": 71,
        "is_professor": false
    }
},
{
    "model": "students.siteuser",
    "pk": 72,
    "fields": {
        "user": 72,
        "is_professor": false
    }
},
{
    "model": "students.siteuser",
    "pk": 73,
    "fields": {
        "user": 73,
        "is_professor": false
    }
},
{
    "model": "students.siteuser",
    "pk": 74,
    "fields": {
        "user": 74,
        "is_professor": false
    }
},
{
    "model": "students.siteuser",
    "pk": 75,
    "fields": {
        "user": 75,
        "is_professor": true
    }
},
{
    "model": "students.siteuser",
    "pk": 76,
    "fields": {
        "user": 76,
        "is_professor": true
    }
},
{
    "model": "questions.question",
    "pk": 63,
    "fields": {
        "question_text": "What would you say your experience level in Javascript is?",
        "relative_weight": 1,
        "created_by": null,
        "created_on": "2016-11-23T22:48:54Z"
    }
},
{
    "model": "questions.question",
    "pk": 64,
    "fields": {
        "question_text": "What would you say your experience level in Java is?",
        "relative_weight": 1,
        "created_by": null,
        "created_on": "2016-11-23T22:48:54Z"
    }
},
{
    "model": "questions.question",
    "pk": 65,
    "fields": {
        "question_text": "What would you say your experience level in HTML is?",
        "relative_weight": 1,
        "created_by": null,
        "created_on": "2016-11-23T22:48:54Z"
    }
},
{
    "model": "questions.question",
    "pk": 66,
    "fields": {
        "question_text": "What would you say your experience level in CSS is?",
        "relative_weight": 1,
        "created_by": null,
        "created_on": "2016-11-23T22:48:54Z"
    }
},
{
    "model": "questions.question",
    "pk": 67,
    "fields": {
        "question_text": "What would you say your experience level in Python is?",
        "relative_weight": 1,
        "created_by": null,
        "created_on": "2016-11-23T22:48:54Z"
    }
},
{
    "model": "questions.question",
    "pk": 68,
    "fields": {
        "question_text": "What would you say your experience level in C is?",
        "relative_weight": 1,
        "created_by": null,
        "created_on": "2016-11-23T22:48:54Z"
    }
},
{
    "model": "questions.question",
    "pk": 69,
    "fields": {
        "question_text": "What would you say your experience level in C++ is?",
        "relative_weight": 1,
        "created_by": null,
        "created_on": "2016-11-23T22:48:54Z"
    }
},
{
    "model": "questions.question",
    "pk": 70,
    "fields": {
        "question_text": "What would you say your experience level in Spring is?",
        "relative_weight": 1,
        "created_by": null,
        "created_on": "2016-11-23T22:48:54Z"
    }
},
{
    "model": "questions.question",
    "pk": 71,
    "fields": {
        "question_text": "What would you say your experience level in Django is?",
        "relative_weight": 1,
        "created_by": null,
        "created_on": "2016-11-23T22:48:54Z"
    }
},
{
    "model": "questions.question",
    "pk": 72,
    "fields": {
        "question_text": "What would you say your experience level in AngularJS is?",
        "relative_weight": 1,
        "created_by": null,
        "created_on": "2016-11-23T22:48:54Z"
    }
},
{
    "model": "questions.question",
    "pk": 73,
    "fields": {
        "question_text": "What would you say your experience level in Ruby on Rails is?",
        "relative_weight": 1,
        "created_by": null,
        "created_on": "2016-11-23T22:48:54Z"
    }
},
{
    "model": "questions.question",
    "pk": 74,
    "fields": {
        "question_text": "What would you say your experience level in MySQL is?",
        "relative_weight": 1,
        "created_by": null,
        "created_on": "2016-11-23T22:48:54Z"
    }
},
{
    "model": "questions.question",
    "pk": 75,
    "fields": {
        "question_text": "What would you say your experience level in PostgreSQL is?",
        "relative_weight": 1,
        "created_by": null,
        "created_on": "2016-11-23T22:48:54Z"
    }
},
{
    "model": "questions.question",
    "pk": 76,
    "fields": {
        "question_text": "What would you say your experience level in MongoDB is?",
        "relative_weight": 1,
        "created_by": null,
        "created_on": "2016-11-23T22:48:54Z"
    }
},
{
    "model": "questions.question",
    "pk": 77,
    "fields": {
        "question_text": "What would you say your experience level in Microsoft SQL Server is?",
        "relative_weight": 1,
        "created_by": null,
        "created_on": "2016-11-23T22:48:54Z"
    }
},
{
    "model": "questions.question",
    "pk": 78,
    "fields": {
        "question_text": "How much time have you spent programming in Javascript",
        "relative_weight": 1,
        "created_by": null,
        "created_on": "2016-11-23T22:48:54Z"
    }
},
{
    "model": "questions.question",
    "pk": 79,
    "fields": {
        "question_text": "How much time have you spent programming in Java",
        "relative_weight": 1,
        "created_by": null,
        "created_on": "2016-11-23T22:48:54Z"
    }
},
{
    "model": "questions.question",
    "pk": 80,
    "fields": {
        "question_text": "How much time have you spent programming in HTML",
        "relative_weight": 1,
        "created_by": null,
        "created_on": "2016-11-23T22:48:54Z"
    }
},
{
    "model": "questions.question",
    "pk": 81,
    "fields": {
        "question_text": "How much time have you spent programming in CSS",
        "relative_weight": 1,
        "created_by": null,
        "created_on": "2016-11-23T22:48:54Z"
    }
},
{
    "model": "questions.question",
    "pk": 82,
    "fields": {
        "question_text": "How much time have you spent programming in Python",
        "relative_weight": 1,
        "created_by": null,
        "created_on": "2016-11-23T22:48:54Z"
    }
},
{
    "model": "questions.question",
    "pk": 83,
    "fields": {
        "question_text": "How much time have you spent programming in C",
        "relative_weight": 1,
        "created_by": null,
        "created_on": "2016-11-23T22:48:54Z"
    }
},
{
    "model": "questions.question",
    "pk": 84,
    "fields": {
        "question_text": "How much time have you spent programming in C++",
        "relative_weight": 1,
        "created_by": null,
        "created_on": "2016-11-23T22:48:54Z"
    }
},
{
    "model": "questions.question",
    "pk": 85,
    "fields": {
        "question_text": "How much time have you spent working with Spring?",
        "relative_weight": 1,
        "created_by": null,
        "created_on": "2016-11-23T22:48:54Z"
    }
},
{
    "model": "questions.question",
    "pk": 86,
    "fields": {
        "question_text": "How much time have you spent working with Django?",
        "relative_weight": 1,
        "created_by": null,
        "created_on": "2016-11-23T22:48:54Z"
    }
},
{
    "model": "questions.question",
    "pk": 87,
    "fields": {
        "question_text": "How much time have you spent working with AngularJS?",
        "relative_weight": 1,
        "created_by": null,
        "created_on": "2016-11-23T22:48:54Z"
    }
},
{
    "model": "questions.question",
    "pk": 88,
    "fields": {
        "question_text": "How much time have you spent working with Ruby on Rails?",
        "relative_weight": 1,
        "created_by": null,
        "created_on": "2016-11-23T22:48:54Z"
    }
},
{
    "model": "questions.question",
    "pk": 89,
    "fields": {
        "question_text": "How much time have you spent working with MySQL?",
        "relative_weight": 1,
        "created_by": null,
        "created_on": "2016-11-23T22:48:54Z"
    }
},
{
    "model": "questions.question",
    "pk": 90,
    "fields": {
        "question_text": "How much time have you spent working with PostgreSQL?",
        "relative_weight": 1,
        "created_by": null,
        "created_on": "2016-11-23T22:48:54Z"
    }
},
{
    "model": "questions.question",
    "pk": 91,
    "fields": {
        "question_text": "How much time have you spent working with MongoDB?",
        "relative_weight": 1,
        "created_by": null,
        "created_on": "2016-11-23T22:48:54Z"
    }
},
{
    "model": "questions.question",
    "pk": 92,
    "fields": {
        "question_text": "How much time have you spent working with Microsoft SQL Server?",
        "relative_weight": 1,
        "created_by": null,
        "created_on": "2016-11-23T22:48:54Z"
    }
},
{
    "model": "questions.question",
    "pk": 93,
    "fields": {
        "question_text": "How much work experience do you have that is related to CS?",
        "relative_weight": 1,
        "created_by": null,
        "created_on": "2016-11-23T22:48:54Z"
    }
},
{
    "model": "questions.question",
    "pk": 94,
    "fields": {
        "question_text": "What would you say your experience level in Javascript is?",
        "relative_weight": 9,
        "created_by": null,
        "created_on": "2016-11-23T22:48:54Z"
    }
},
{
    "model": "questions.question",
    "pk": 95,
    "fields": {
        "question_text": "What would you say your experience level in Java is?",
        "relative_weight": 8,
        "created_by": null,
        "created_on": "2016-11-23T22:48:54Z"
    }
},
{
    "model": "questions.question",
    "pk": 96,
    "fields": {
        "question_text": "What would you say your experience level in HTML is?",
        "relative_weight": 7,
        "created_by": null,
        "created_on": "2016-11-23T22:48:54Z"
    }
},
{
    "model": "questions.question",
    "pk": 97,
    "fields": {
        "question_text": "What would you say your experience level in CSS is?",
        "relative_weight": 6,
        "created_by": null,
        "created_on": "2016-11-23T22:48:54Z"
    }
},
{
    "model": "questions.question",
    "pk": 98,
    "fields": {
        "question_text": "What would you say your experience level in Python is?",
        "relative_weight": 5,
        "created_by": null,
        "created_on": "2016-11-23T22:48:54Z"
    }
},
{
    "model": "questions.question",
    "pk": 99,
    "fields": {
        "question_text": "What would you say your experience level in C is?",
        "relative_weight": 4,
        "created_by": null,
        "created_on": "2016-11-23T22:48:54Z"
    }
},
{
    "model": "questions.question",
    "pk": 100,
    "fields": {
        "question_text": "What would you say your experience level in C++ is?",
        "relative_weight": 3,
        "created_by": null,
        "created_on": "2016-11-23T22:48:54Z"
    }
},
{
    "model": "questions.question",
    "pk": 101,
    "fields": {
        "question_text": "What would you say your experience level in Spring is?",
        "relative_weight": 9,
        "created_by": null,
        "created_on": "2016-11-23T22:48:54Z"
    }
},
{
    "model": "questions.question",
    "pk": 102,
    "fields": {
        "question_text": "What would you say your experience level in Django is?",
        "relative_weight": 8,
        "created_by": null,
        "created_on": "2016-11-23T22:48:54Z"
    }
},
{
    "model": "questions.question",
    "pk": 103,
    "fields": {
        "question_text": "What would you say your experience level in AngularJS is?",
        "relative_weight": 7,
        "created_by": null,
        "created_on": "2016-11-23T22:48:54Z"
    }
},
{
    "model": "questions.question",
    "pk": 104,
    "fields": {
        "question_text": "What would you say your experience level in Ruby on Rails is?",
        "relative_weight": 6,
        "created_by": null,
        "created_on": "2016-11-23T22:48:54Z"
    }
},
{
    "model": "questions.question",
    "pk": 105,
    "fields": {
        "question_text": "What would you say your experience level in MySQL is?",
        "relative_weight": 9,
        "created_by": null,
        "created_on": "2016-11-23T22:48:54Z"
    }
},
{
    "model": "questions.question",
    "pk": 106,
    "fields": {
        "question_text": "What would you say your experience level in PostgreSQL is?",
        "relative_weight": 8,
        "created_by": null,
        "created_on": "2016-11-23T22:48:54Z"
    }
},
{
    "model": "questions.question",
    "pk": 107,
    "fields": {
        "question_text": "What would you say your experience level in MongoDB is?",
        "relative_weight": 7,
        "created_by": null,
        "created_on": "2016-11-23T22:48:54Z"
    }
},
{
    "model": "questions.question",
    "pk": 108,
    "fields": {
        "question_text": "What would you say your experience level in Microsoft SQL Server is?",
        "relative_weight": 6,
        "created_by": null,
        "created_on": "2016-11-23T22:48:54Z"
    }
},
{
    "model": "questions.question",
    "pk": 109,
    "fields": {
        "question_text": "How much time have you spent programming in Javascript",
        "relative_weight": 2,
        "created_by": null,
        "created_on": "2016-11-23T22:48:54Z"
    }
},
{
    "model": "questions.question",
    "pk": 110,
    "fields": {
        "question_text": "How much time have you spent programming in Java",
        "relative_weight": 2,
        "created_by": null,
        "created_on": "2016-11-23T22:48:54Z"
    }
},
{
    "model": "questions.question",
    "pk": 111,
    "fields": {
        "question_text": "How much time have you spent programming in HTML",
        "relative_weight": 2,
        "created_by": null,
        "created_on": "2016-11-23T22:48:54Z"
    }
},
{
    "model": "questions.question",
    "pk": 112,
    "fields": {
        "question_text": "How much time have you spent programming in CSS",
        "relative_weight": 2,
        "created_by": null,
        "created_on": "2016-11-23T22:48:54Z"
    }
},
{
    "model": "questions.question",
    "pk": 113,
    "fields": {
        "question_text": "How much time have you spent programming in Python",
        "relative_weight": 2,
        "created_by": null,
        "created_on": "2016-11-23T22:48:54Z"
    }
},
{
    "model": "questions.question",
    "pk": 114,
    "fields": {
        "question_text": "How much time have you spent programming in C",
        "relative_weight": 2,
        "created_by": null,
        "created_on": "2016-11-23T22:48:54Z"
    }
},
{
    "model": "questions.question",
    "pk": 115,
    "fields": {
        "question_text": "How much time have you spent programming in C++",
        "relative_weight": 2,
        "created_by": null,
        "created_on": "2016-11-23T22:48:54Z"
    }
},
{
    "model": "questions.question",
    "pk": 116,
    "fields": {
        "question_text": "How much time have you spent working with Spring?",
        "relative_weight": 2,
        "created_by": null,
        "created_on": "2016-11-23T22:48:54Z"
    }
},
{
    "model": "questions.question",
    "pk": 117,
    "fields": {
        "question_text": "How much time have you spent working with Django?",
        "relative_weight": 2,
        "created_by": null,
        "created_on": "2016-11-23T22:48:54Z"
    }
},
{
    "model": "questions.question",
    "pk": 118,
    "fields": {
        "question_text": "How much time have you spent working with AngularJS?",
        "relative_weight": 2,
        "created_by": null,
        "created_on": "2016-11-23T22:48:54Z"
    }
},
{
    "model": "questions.question",
    "pk": 119,
    "fields": {
        "question_text": "How much time have you spent working with Ruby on Rails?",
        "relative_weight": 2,
        "created_by": null,
        "created_on": "2016-11-23T22:48:54Z"
    }
},
{
    "model": "questions.question",
    "pk": 120,
    "fields": {
        "question_text": "How much time have you spent working with MySQL?",
        "relative_weight": 2,
        "created_by": null,
        "created_on": "2016-11-23T22:48:54Z"
    }
},
{
    "model": "questions.question",
    "pk": 121,
    "fields": {
        "question_text": "How much time have you spent working with PostgreSQL?",
        "relative_weight": 2,
        "created_by": null,
        "created_on": "2016-11-23T22:48:54Z"
    }
},
{
    "model": "questions.question",
    "pk": 122,
    "fields": {
        "question_text": "How much time have you spent working with MongoDB?",
        "relative_weight": 2,
        "created_by": null,
        "created_on": "2016-11-23T22:48:54Z"
    }
},
{
    "model": "questions.question",
    "pk": 123,
    "fields": {
        "question_text": "How much time have you spent working with Microsoft SQL Server?",
        "relative_weight": 2,
        "created_by": null,
        "created_on": "2016-11-23T22:48:54Z"
    }
},
{
    "model": "questions.question",
    "pk": 124,
    "fields": {
        "question_text": "How much work experience do you have that is related to CS?",
        "relative_weight": 2,
        "created_by": null,
        "created_on": "2016-11-23T22:48:54Z"
    }
},
{
    "model": "questions.option",
    "pk": 311,
    "fields": {
        "question": 63,
        "option": "None",
        "rank": 1,
        "created_by": null,
        "created_on": "2016-11-23T22:48:54Z"
    }
},
{
    "model": "questions.option",
    "pk": 312,
    "fields": {
        "question": 63,
        "option": "Novice",
        "rank": 2,
        "created_by": null,
        "created_on": "2016-11-23T22:48:54Z"
    }
},
{
    "model": "questions.option",
    "pk": 313,
    "fields": {
        "question": 63,
        "option": "Intermediate",
        "rank": 3,
        "created_by": null,
        "created_on": "2016-11-23T22:48:54Z"
    }
},
{
    "model": "questions.option",
    "pk": 314,
    "fields": {
        "question": 63,
        "option": "Expert",
        "rank": 4,
        "created_by": null,
        "created_on": "2016-11-23T22:48:54Z"
    }
},
{
    "model": "questions.option",
    "pk": 315,
    "fields": {
        "question": 64,
        "option": "None",
        "rank": 1,
        "created_by": null,
        "created_on": "2016-11-23T22:48:54Z"
    }
},
{
    "model": "questions.option",
    "pk": 316,
    "fields": {
        "question": 64,
        "option": "Novice",
        "rank": 2,
        "created_by": null,
        "created_on": "2016-11-23T22:48:54Z"
    }
},
{
    "model": "questions.option",
    "pk": 317,
    "fields": {
        "question": 64,
        "option": "Intermediate",
        "rank": 3,
        "created_by": null,
        "created_on": "2016-11-23T22:48:54Z"
    }
},
{
    "model": "questions.option",
    "pk": 318,
    "fields": {
        "question": 64,
        "option": "Expert",
        "rank": 4,
        "created_by": null,
        "created_on": "2016-11-23T22:48:54Z"
    }
},
{
    "model": "questions.option",
    "pk": 319,
    "fields": {
        "question": 65,
        "option": "None",
        "rank": 1,
        "created_by": null,
        "created_on": "2016-11-23T22:48:54Z"
    }
},
{
    "model": "questions.option",
    "pk": 320,
    "fields": {
        "question": 65,
        "option": "Novice",
        "rank": 2,
        "created_by": null,
        "created_on": "2016-11-23T22:48:54Z"
    }
},
{
    "model": "questions.option",
    "pk": 321,
    "fields": {
        "question": 65,
        "option": "Intermediate",
        "rank": 3,
        "created_by": null,
        "created_on": "2016-11-23T22:48:54Z"
    }
},
{
    "model": "questions.option",
    "pk": 322,
    "fields": {
        "question": 65,
        "option": "Expert",
        "rank": 4,
        "created_by": null,
        "created_on": "2016-11-23T22:48:54Z"
    }
},
{
    "model": "questions.option",
    "pk": 323,
    "fields": {
        "question": 66,
        "option": "None",
        "rank": 1,
        "created_by": null,
        "created_on": "2016-11-23T22:48:54Z"
    }
},
{
    "model": "questions.option",
    "pk": 324,
    "fields": {
        "question": 66,
        "option": "Novice",
        "rank": 2,
        "created_by": null,
        "created_on": "2016-11-23T22:48:54Z"
    }
},
{
    "model": "questions.option",
    "pk": 325,
    "fields": {
        "question": 66,
        "option": "Intermediate",
        "rank": 3,
        "created_by": null,
        "created_on": "2016-11-23T22:48:54Z"
    }
},
{
    "model": "questions.option",
    "pk": 326,
    "fields": {
        "question": 66,
        "option": "Expert",
        "rank": 4,
        "created_by": null,
        "created_on": "2016-11-23T22:48:54Z"
    }
},
{
    "model": "questions.option",
    "pk": 327,
    "fields": {
        "question": 67,
        "option": "None",
        "rank": 1,
        "created_by": null,
        "created_on": "2016-11-23T22:48:54Z"
    }
},
{
    "model": "questions.option",
    "pk": 328,
    "fields": {
        "question": 67,
        "option": "Novice",
        "rank": 2,
        "created_by": null,
        "created_on": "2016-11-23T22:48:54Z"
    }
},
{
    "model": "questions.option",
    "pk": 329,
    "fields": {
        "question": 67,
        "option": "Intermediate",
        "rank": 3,
        "created_by": null,
        "created_on": "2016-11-23T22:48:54Z"
    }
},
{
    "model": "questions.option",
    "pk": 330,
    "fields": {
        "question": 67,
        "option": "Expert",
        "rank": 4,
        "created_by": null,
        "created_on": "2016-11-23T22:48:54Z"
    }
},
{
    "model": "questions.option",
    "pk": 331,
    "fields": {
        "question": 68,
        "option": "None",
        "rank": 1,
        "created_by": null,
        "created_on": "2016-11-23T22:48:54Z"
    }
},
{
    "model": "questions.option",
    "pk": 332,
    "fields": {
        "question": 68,
        "option": "Novice",
        "rank": 2,
        "created_by": null,
        "created_on": "2016-11-23T22:48:54Z"
    }
},
{
    "model": "questions.option",
    "pk": 333,
    "fields": {
        "question": 68,
        "option": "Intermediate",
        "rank": 3,
        "created_by": null,
        "created_on": "2016-11-23T22:48:54Z"
    }
},
{
    "model": "questions.option",
    "pk": 334,
    "fields": {
        "question": 68,
        "option": "Expert",
        "rank": 4,
        "created_by": null,
        "created_on": "2016-11-23T22:48:54Z"
    }
},
{
    "model": "questions.option",
    "pk": 335,
    "fields": {
        "question": 69,
        "option": "None",
        "rank": 1,
        "created_by": null,
        "created_on": "2016-11-23T22:48:54Z"
    }
},
{
    "model": "questions.option",
    "pk": 336,
    "fields": {
        "question": 69,
        "option": "Novice",
        "rank": 2,
        "created_by": null,
        "created_on": "2016-11-23T22:48:54Z"
    }
},
{
    "model": "questions.option",
    "pk": 337,
    "fields": {
        "question": 69,
        "option": "Intermediate",
        "rank": 3,
        "created_by": null,
        "created_on": "2016-11-23T22:48:54Z"
    }
},
{
    "model": "questions.option",
    "pk": 338,
    "fields": {
        "question": 69,
        "option": "Expert",
        "rank": 4,
        "created_by": null,
        "created_on": "2016-11-23T22:48:54Z"
    }
},
{
    "model": "questions.option",
    "pk": 339,
    "fields": {
        "question": 70,
        "option": "None",
        "rank": 1,
        "created_by": null,
        "created_on": "2016-11-23T22:48:54Z"
    }
},
{
    "model": "questions.option",
    "pk": 340,
    "fields": {
        "question": 70,
        "option": "Novice",
        "rank": 2,
        "created_by": null,
        "created_on": "2016-11-23T22:48:54Z"
    }
},
{
    "model": "questions.option",
    "pk": 341,
    "fields": {
        "question": 70,
        "option": "Intermediate",
        "rank": 3,
        "created_by": null,
        "created_on": "2016-11-23T22:48:54Z"
    }
},
{
    "model": "questions.option",
    "pk": 342,
    "fields": {
        "question": 70,
        "option": "Expert",
        "rank": 4,
        "created_by": null,
        "created_on": "2016-11-23T22:48:54Z"
    }
},
{
    "model": "questions.option",
    "pk": 343,
    "fields": {
        "question": 71,
        "option": "None",
        "rank": 1,
        "created_by": null,
        "created_on": "2016-11-23T22:48:54Z"
    }
},
{
    "model": "questions.option",
    "pk": 344,
    "fields": {
        "question": 71,
        "option": "Novice",
        "rank": 2,
        "created_by": null,
        "created_on": "2016-11-23T22:48:54Z"
    }
},
{
    "model": "questions.option",
    "pk": 345,
    "fields": {
        "question": 71,
        "option": "Intermediate",
        "rank": 3,
        "created_by": null,
        "created_on": "2016-11-23T22:48:54Z"
    }
},
{
    "model": "questions.option",
    "pk": 346,
    "fields": {
        "question": 71,
        "option": "Expert",
        "rank": 4,
        "created_by": null,
        "created_on": "2016-11-23T22:48:54Z"
    }
},
{
    "model": "questions.option",
    "pk": 347,
    "fields": {
        "question": 72,
        "option": "None",
        "rank": 1,
        "created_by": null,
        "created_on": "2016-11-23T22:48:54Z"
    }
},
{
    "model": "questions.option",
    "pk": 348,
    "fields": {
        "question": 72,
        "option": "Novice",
        "rank": 2,
        "created_by": null,
        "created_on": "2016-11-23T22:48:54Z"
    }
},
{
    "model": "questions.option",
    "pk": 349,
    "fields": {
        "question": 72,
        "option": "Intermediate",
        "rank": 3,
        "created_by": null,
        "created_on": "2016-11-23T22:48:54Z"
    }
},
{
    "model": "questions.option",
    "pk": 350,
    "fields": {
        "question": 72,
        "option": "Expert",
        "rank": 4,
        "created_by": null,
        "created_on": "2016-11-23T22:48:54Z"
    }
},
{
    "model": "questions.option",
    "pk": 351,
    "fields": {
        "question": 73,
        "option": "None",
        "rank": 1,
        "created_by": null,
        "created_on": "2016-11-23T22:48:54Z"
    }
},
{
    "model": "questions.option",
    "pk": 352,
    "fields": {
        "question": 73,
        "option": "Novice",
        "rank": 2,
        "created_by": null,
        "created_on": "2016-11-23T22:48:54Z"
    }
},
{
    "model": "questions.option",
    "pk": 353,
    "fields": {
        "question": 73,
        "option": "Intermediate",
        "rank": 3,
        "created_by": null,
        "created_on": "2016-11-23T22:48:54Z"
    }
},
{
    "model": "questions.option",
    "pk": 354,
    "fields": {
        "question": 73,
        "option": "Expert",
        "rank": 4,
        "created_by": null,
        "created_on": "2016-11-23T22:48:54Z"
    }
},
{
    "model": "questions.option",
    "pk": 355,
    "fields": {
        "question": 74,
        "option": "None",
        "rank": 1,
        "created_by": null,
        "created_on": "2016-11-23T22:48:54Z"
    }
},
{
    "model": "questions.option",
    "pk": 356,
    "fields": {
        "question": 74,
        "option": "Novice",
        "rank": 2,
        "created_by": null,
        "created_on": "2016-11-23T22:48:54Z"
    }
},
{
    "model": "questions.option",
    "pk": 357,
    "fields": {
        "question": 74,
        "option": "Intermediate",
        "rank": 3,
        "created_by": null,
        "created_on": "2016-11-23T22:48:54Z"
    }
},
{
    "model": "questions.option",
    "pk": 358,
    "fields": {
        "question": 74,
        "option": "Expert",
        "rank": 4,
        "created_by": null,
        "created_on": "2016-11-23T22:48:54Z"
    }
},
{
    "model": "questions.option",
    "pk": 359,
    "fields": {
        "question": 75,
        "option": "None",
        "rank": 1,
        "created_by": null,
        "created_on": "2016-11-23T22:48:54Z"
    }
},
{
    "model": "questions.option",
    "pk": 360,
    "fields": {
        "question": 75,
        "option": "Novice",
        "rank": 2,
        "created_by": null,
        "created_on": "2016-11-23T22:48:54Z"
    }
},
{
    "model": "questions.option",
    "pk": 361,
    "fields": {
        "question": 75,
        "option": "Intermediate",
        "rank": 3,
        "created_by": null,
        "created_on": "2016-11-23T22:48:54Z"
    }
},
{
    "model": "questions.option",
    "pk": 362,
    "fields": {
        "question": 75,
        "option": "Expert",
        "rank": 4,
        "created_by": null,
        "created_on": "2016-11-23T22:48:54Z"
    }
},
{
    "model": "questions.option",
    "pk": 363,
    "fields": {
        "question": 76,
        "option": "None",
        "rank": 1,
        "created_by": null,
        "created_on": "2016-11-23T22:48:54Z"
    }
},
{
    "model": "questions.option",
    "pk": 364,
    "fields": {
        "question": 76,
        "option": "Novice",
        "rank": 2,
        "created_by": null,
        "created_on": "2016-11-23T22:48:54Z"
    }
},
{
    "model": "questions.option",
    "pk": 365,
    "fields": {
        "question": 76,
        "option": "Intermediate",
        "rank": 3,
        "created_by": null,
        "created_on": "2016-11-23T22:48:54Z"
    }
},
{
    "model": "questions.option",
    "pk": 366,
    "fields": {
        "question": 76,
        "option": "Expert",
        "rank": 4,
        "created_by": null,
        "created_on": "2016-11-23T22:48:54Z"
    }
},
{
    "model": "questions.option",
    "pk": 367,
    "fields": {
        "question": 77,
        "option": "None",
        "rank": 1,
        "created_by": null,
        "created_on": "2016-11-23T22:48:54Z"
    }
},
{
    "model": "questions.option",
    "pk": 368,
    "fields": {
        "question": 77,
        "option": "Novice",
        "rank": 2,
        "created_by": null,
        "created_on": "2016-11-23T22:48:54Z"
    }
},
{
    "model": "questions.option",
    "pk": 369,
    "fields": {
        "question": 77,
        "option": "Intermediate",
        "rank": 3,
        "created_by": null,
        "created_on": "2016-11-23T22:48:54Z"
    }
},
{
    "model": "questions.option",
    "pk": 370,
    "fields": {
        "question": 77,
        "option": "Expert",
        "rank": 4,
        "created_by": null,
        "created_on": "2016-11-23T22:48:54Z"
    }
},
{
    "model": "questions.option",
    "pk": 371,
    "fields": {
        "question": 78,
        "option": "None",
        "rank": 1,
        "created_by": null,
        "created_on": "2016-11-23T22:48:54Z"
    }
},
{
    "model": "questions.option",
    "pk": 372,
    "fields": {
        "question": 78,
        "option": "> 3 months",
        "rank": 2,
        "created_by": null,
        "created_on": "2016-11-23T22:48:54Z"
    }
},
{
    "model": "questions.option",
    "pk": 373,
    "fields": {
        "question": 78,
        "option": "3 months to 6 months",
        "rank": 3,
        "created_by": null,
        "created_on": "2016-11-23T22:48:54Z"
    }
},
{
    "model": "questions.option",
    "pk": 374,
    "fields": {
        "question": 78,
        "option": "6 months to a year",
        "rank": 4,
        "created_by": null,
        "created_on": "2016-11-23T22:48:54Z"
    }
},
{
    "model": "questions.option",
    "pk": 375,
    "fields": {
        "question": 78,
        "option": "2 years",
        "rank": 5,
        "created_by": null,
        "created_on": "2016-11-23T22:48:54Z"
    }
},
{
    "model": "questions.option",
    "pk": 376,
    "fields": {
        "question": 78,
        "option": "more than 2 years",
        "rank": 6,
        "created_by": null,
        "created_on": "2016-11-23T22:48:54Z"
    }
},
{
    "model": "questions.option",
    "pk": 377,
    "fields": {
        "question": 79,
        "option": "None",
        "rank": 1,
        "created_by": null,
        "created_on": "2016-11-23T22:48:54Z"
    }
},
{
    "model": "questions.option",
    "pk": 378,
    "fields": {
        "question": 79,
        "option": "> 3 months",
        "rank": 2,
        "created_by": null,
        "created_on": "2016-11-23T22:48:54Z"
    }
},
{
    "model": "questions.option",
    "pk": 379,
    "fields": {
        "question": 79,
        "option": "3 months to 6 months",
        "rank": 3,
        "created_by": null,
        "created_on": "2016-11-23T22:48:54Z"
    }
},
{
    "model": "questions.option",
    "pk": 380,
    "fields": {
        "question": 79,
        "option": "6 months to a year",
        "rank": 4,
        "created_by": null,
        "created_on": "2016-11-23T22:48:54Z"
    }
},
{
    "model": "questions.option",
    "pk": 381,
    "fields": {
        "question": 79,
        "option": "2 years",
        "rank": 5,
        "created_by": null,
        "created_on": "2016-11-23T22:48:54Z"
    }
},
{
    "model": "questions.option",
    "pk": 382,
    "fields": {
        "question": 79,
        "option": "more than 2 years",
        "rank": 6,
        "created_by": null,
        "created_on": "2016-11-23T22:48:54Z"
    }
},
{
    "model": "questions.option",
    "pk": 383,
    "fields": {
        "question": 80,
        "option": "None",
        "rank": 1,
        "created_by": null,
        "created_on": "2016-11-23T22:48:54Z"
    }
},
{
    "model": "questions.option",
    "pk": 384,
    "fields": {
        "question": 80,
        "option": "> 3 months",
        "rank": 2,
        "created_by": null,
        "created_on": "2016-11-23T22:48:54Z"
    }
},
{
    "model": "questions.option",
    "pk": 385,
    "fields": {
        "question": 80,
        "option": "3 months to 6 months",
        "rank": 3,
        "created_by": null,
        "created_on": "2016-11-23T22:48:54Z"
    }
},
{
    "model": "questions.option",
    "pk": 386,
    "fields": {
        "question": 80,
        "option": "6 months to a year",
        "rank": 4,
        "created_by": null,
        "created_on": "2016-11-23T22:48:54Z"
    }
},
{
    "model": "questions.option",
    "pk": 387,
    "fields": {
        "question": 80,
        "option": "2 years",
        "rank": 5,
        "created_by": null,
        "created_on": "2016-11-23T22:48:54Z"
    }
},
{
    "model": "questions.option",
    "pk": 388,
    "fields": {
        "question": 80,
        "option": "more than 2 years",
        "rank": 6,
        "created_by": null,
        "created_on": "2016-11-23T22:48:54Z"
    }
},
{
    "model": "questions.option",
    "pk": 389,
    "fields": {
        "question": 81,
        "option": "None",
        "rank": 1,
        "created_by": null,
        "created_on": "2016-11-23T22:48:54Z"
    }
},
{
    "model": "questions.option",
    "pk": 390,
    "fields": {
        "question": 81,
        "option": "> 3 months",
        "rank": 2,
        "created_by": null,
        "created_on": "2016-11-23T22:48:54Z"
    }
},
{
    "model": "questions.option",
    "pk": 391,
    "fields": {
        "question": 81,
        "option": "3 months to 6 months",
        "rank": 3,
        "created_by": null,
        "created_on": "2016-11-23T22:48:54Z"
    }
},
{
    "model": "questions.option",
    "pk": 392,
    "fields": {
        "question": 81,
        "option": "6 months to a year",
        "rank": 4,
        "created_by": null,
        "created_on": "2016-11-23T22:48:54Z"
    }
},
{
    "model": "questions.option",
    "pk": 393,
    "fields": {
        "question": 81,
        "option": "2 years",
        "rank": 5,
        "created_by": null,
        "created_on": "2016-11-23T22:48:54Z"
    }
},
{
    "model": "questions.option",
    "pk": 394,
    "fields": {
        "question": 81,
        "option": "more than 2 years",
        "rank": 6,
        "created_by": null,
        "created_on": "2016-11-23T22:48:54Z"
    }
},
{
    "model": "questions.option",
    "pk": 395,
    "fields": {
        "question": 82,
        "option": "None",
        "rank": 1,
        "created_by": null,
        "created_on": "2016-11-23T22:48:54Z"
    }
},
{
    "model": "questions.option",
    "pk": 396,
    "fields": {
        "question": 82,
        "option": "> 3 months",
        "rank": 2,
        "created_by": null,
        "created_on": "2016-11-23T22:48:54Z"
    }
},
{
    "model": "questions.option",
    "pk": 397,
    "fields": {
        "question": 82,
        "option": "3 months to 6 months",
        "rank": 3,
        "created_by": null,
        "created_on": "2016-11-23T22:48:54Z"
    }
},
{
    "model": "questions.option",
    "pk": 398,
    "fields": {
        "question": 82,
        "option": "6 months to a year",
        "rank": 4,
        "created_by": null,
        "created_on": "2016-11-23T22:48:54Z"
    }
},
{
    "model": "questions.option",
    "pk": 399,
    "fields": {
        "question": 82,
        "option": "2 years",
        "rank": 5,
        "created_by": null,
        "created_on": "2016-11-23T22:48:54Z"
    }
},
{
    "model": "questions.option",
    "pk": 400,
    "fields": {
        "question": 82,
        "option": "more than 2 years",
        "rank": 6,
        "created_by": null,
        "created_on": "2016-11-23T22:48:54Z"
    }
},
{
    "model": "questions.option",
    "pk": 401,
    "fields": {
        "question": 83,
        "option": "None",
        "rank": 1,
        "created_by": null,
        "created_on": "2016-11-23T22:48:54Z"
    }
},
{
    "model": "questions.option",
    "pk": 402,
    "fields": {
        "question": 83,
        "option": "> 3 months",
        "rank": 2,
        "created_by": null,
        "created_on": "2016-11-23T22:48:54Z"
    }
},
{
    "model": "questions.option",
    "pk": 403,
    "fields": {
        "question": 83,
        "option": "3 months to 6 months",
        "rank": 3,
        "created_by": null,
        "created_on": "2016-11-23T22:48:54Z"
    }
},
{
    "model": "questions.option",
    "pk": 404,
    "fields": {
        "question": 83,
        "option": "6 months to a year",
        "rank": 4,
        "created_by": null,
        "created_on": "2016-11-23T22:48:54Z"
    }
},
{
    "model": "questions.option",
    "pk": 405,
    "fields": {
        "question": 83,
        "option": "2 years",
        "rank": 5,
        "created_by": null,
        "created_on": "2016-11-23T22:48:54Z"
    }
},
{
    "model": "questions.option",
    "pk": 406,
    "fields": {
        "question": 83,
        "option": "more than 2 years",
        "rank": 6,
        "created_by": null,
        "created_on": "2016-11-23T22:48:54Z"
    }
},
{
    "model": "questions.option",
    "pk": 407,
    "fields": {
        "question": 84,
        "option": "None",
        "rank": 1,
        "created_by": null,
        "created_on": "2016-11-23T22:48:54Z"
    }
},
{
    "model": "questions.option",
    "pk": 408,
    "fields": {
        "question": 84,
        "option": "> 3 months",
        "rank": 2,
        "created_by": null,
        "created_on": "2016-11-23T22:48:54Z"
    }
},
{
    "model": "questions.option",
    "pk": 409,
    "fields": {
        "question": 84,
        "option": "3 months to 6 months",
        "rank": 3,
        "created_by": null,
        "created_on": "2016-11-23T22:48:54Z"
    }
},
{
    "model": "questions.option",
    "pk": 410,
    "fields": {
        "question": 84,
        "option": "6 months to a year",
        "rank": 4,
        "created_by": null,
        "created_on": "2016-11-23T22:48:54Z"
    }
},
{
    "model": "questions.option",
    "pk": 411,
    "fields": {
        "question": 84,
        "option": "2 years",
        "rank": 5,
        "created_by": null,
        "created_on": "2016-11-23T22:48:54Z"
    }
},
{
    "model": "questions.option",
    "pk": 412,
    "fields": {
        "question": 84,
        "option": "more than 2 years",
        "rank": 6,
        "created_by": null,
        "created_on": "2016-11-23T22:48:54Z"
    }
},
{
    "model": "questions.option",
    "pk": 413,
    "fields": {
        "question": 85,
        "option": "None",
        "rank": 1,
        "created_by": null,
        "created_on": "2016-11-23T22:48:54Z"
    }
},
{
    "model": "questions.option",
    "pk": 414,
    "fields": {
        "question": 85,
        "option": "> 3 months",
        "rank": 2,
        "created_by": null,
        "created_on": "2016-11-23T22:48:54Z"
    }
},
{
    "model": "questions.option",
    "pk": 415,
    "fields": {
        "question": 85,
        "option": "3 months to 6 months",
        "rank": 3,
        "created_by": null,
        "created_on": "2016-11-23T22:48:54Z"
    }
},
{
    "model": "questions.option",
    "pk": 416,
    "fields": {
        "question": 85,
        "option": "6 months to a year",
        "rank": 4,
        "created_by": null,
        "created_on": "2016-11-23T22:48:54Z"
    }
},
{
    "model": "questions.option",
    "pk": 417,
    "fields": {
        "question": 85,
        "option": "2 years",
        "rank": 5,
        "created_by": null,
        "created_on": "2016-11-23T22:48:54Z"
    }
},
{
    "model": "questions.option",
    "pk": 418,
    "fields": {
        "question": 85,
        "option": "more than 2 years",
        "rank": 6,
        "created_by": null,
        "created_on": "2016-11-23T22:48:54Z"
    }
},
{
    "model": "questions.option",
    "pk": 419,
    "fields": {
        "question": 86,
        "option": "None",
        "rank": 1,
        "created_by": null,
        "created_on": "2016-11-23T22:48:54Z"
    }
},
{
    "model": "questions.option",
    "pk": 420,
    "fields": {
        "question": 86,
        "option": "> 3 months",
        "rank": 2,
        "created_by": null,
        "created_on": "2016-11-23T22:48:54Z"
    }
},
{
    "model": "questions.option",
    "pk": 421,
    "fields": {
        "question": 86,
        "option": "3 months to 6 months",
        "rank": 3,
        "created_by": null,
        "created_on": "2016-11-23T22:48:54Z"
    }
},
{
    "model": "questions.option",
    "pk": 422,
    "fields": {
        "question": 86,
        "option": "6 months to a year",
        "rank": 4,
        "created_by": null,
        "created_on": "2016-11-23T22:48:54Z"
    }
},
{
    "model": "questions.option",
    "pk": 423,
    "fields": {
        "question": 86,
        "option": "2 years",
        "rank": 5,
        "created_by": null,
        "created_on": "2016-11-23T22:48:54Z"
    }
},
{
    "model": "questions.option",
    "pk": 424,
    "fields": {
        "question": 86,
        "option": "more than 2 years",
        "rank": 6,
        "created_by": null,
        "created_on": "2016-11-23T22:48:54Z"
    }
},
{
    "model": "questions.option",
    "pk": 425,
    "fields": {
        "question": 87,
        "option": "None",
        "rank": 1,
        "created_by": null,
        "created_on": "2016-11-23T22:48:54Z"
    }
},
{
    "model": "questions.option",
    "pk": 426,
    "fields": {
        "question": 87,
        "option": "> 3 months",
        "rank": 2,
        "created_by": null,
        "created_on": "2016-11-23T22:48:54Z"
    }
},
{
    "model": "questions.option",
    "pk": 427,
    "fields": {
        "question": 87,
        "option": "3 months to 6 months",
        "rank": 3,
        "created_by": null,
        "created_on": "2016-11-23T22:48:54Z"
    }
},
{
    "model": "questions.option",
    "pk": 428,
    "fields": {
        "question": 87,
        "option": "6 months to a year",
        "rank": 4,
        "created_by": null,
        "created_on": "2016-11-23T22:48:54Z"
    }
},
{
    "model": "questions.option",
    "pk": 429,
    "fields": {
        "question": 87,
        "option": "2 years",
        "rank": 5,
        "created_by": null,
        "created_on": "2016-11-23T22:48:54Z"
    }
},
{
    "model": "questions.option",
    "pk": 430,
    "fields": {
        "question": 87,
        "option": "more than 2 years",
        "rank": 6,
        "created_by": null,
        "created_on": "2016-11-23T22:48:54Z"
    }
},
{
    "model": "questions.option",
    "pk": 431,
    "fields": {
        "question": 88,
        "option": "None",
        "rank": 1,
        "created_by": null,
        "created_on": "2016-11-23T22:48:54Z"
    }
},
{
    "model": "questions.option",
    "pk": 432,
    "fields": {
        "question": 88,
        "option": "> 3 months",
        "rank": 2,
        "created_by": null,
        "created_on": "2016-11-23T22:48:54Z"
    }
},
{
    "model": "questions.option",
    "pk": 433,
    "fields": {
        "question": 88,
        "option": "3 months to 6 months",
        "rank": 3,
        "created_by": null,
        "created_on": "2016-11-23T22:48:54Z"
    }
},
{
    "model": "questions.option",
    "pk": 434,
    "fields": {
        "question": 88,
        "option": "6 months to a year",
        "rank": 4,
        "created_by": null,
        "created_on": "2016-11-23T22:48:54Z"
    }
},
{
    "model": "questions.option",
    "pk": 435,
    "fields": {
        "question": 88,
        "option": "2 years",
        "rank": 5,
        "created_by": null,
        "created_on": "2016-11-23T22:48:54Z"
    }
},
{
    "model": "questions.option",
    "pk": 436,
    "fields": {
        "question": 88,
        "option": "more than 2 years",
        "rank": 6,
        "created_by": null,
        "created_on": "2016-11-23T22:48:54Z"
    }
},
{
    "model": "questions.option",
    "pk": 437,
    "fields": {
        "question": 89,
        "option": "None",
        "rank": 1,
        "created_by": null,
        "created_on": "2016-11-23T22:48:54Z"
    }
},
{
    "model": "questions.option",
    "pk": 438,
    "fields": {
        "question": 89,
        "option": "> 3 months",
        "rank": 2,
        "created_by": null,
        "created_on": "2016-11-23T22:48:54Z"
    }
},
{
    "model": "questions.option",
    "pk": 439,
    "fields": {
        "question": 89,
        "option": "3 months to 6 months",
        "rank": 3,
        "created_by": null,
        "created_on": "2016-11-23T22:48:54Z"
    }
},
{
    "model": "questions.option",
    "pk": 440,
    "fields": {
        "question": 89,
        "option": "6 months to a year",
        "rank": 4,
        "created_by": null,
        "created_on": "2016-11-23T22:48:54Z"
    }
},
{
    "model": "questions.option",
    "pk": 441,
    "fields": {
        "question": 89,
        "option": "2 years",
        "rank": 5,
        "created_by": null,
        "created_on": "2016-11-23T22:48:54Z"
    }
},
{
    "model": "questions.option",
    "pk": 442,
    "fields": {
        "question": 89,
        "option": "more than 2 years",
        "rank": 6,
        "created_by": null,
        "created_on": "2016-11-23T22:48:54Z"
    }
},
{
    "model": "questions.option",
    "pk": 443,
    "fields": {
        "question": 90,
        "option": "None",
        "rank": 1,
        "created_by": null,
        "created_on": "2016-11-23T22:48:54Z"
    }
},
{
    "model": "questions.option",
    "pk": 444,
    "fields": {
        "question": 90,
        "option": "> 3 months",
        "rank": 2,
        "created_by": null,
        "created_on": "2016-11-23T22:48:54Z"
    }
},
{
    "model": "questions.option",
    "pk": 445,
    "fields": {
        "question": 90,
        "option": "3 months to 6 months",
        "rank": 3,
        "created_by": null,
        "created_on": "2016-11-23T22:48:54Z"
    }
},
{
    "model": "questions.option",
    "pk": 446,
    "fields": {
        "question": 90,
        "option": "6 months to a year",
        "rank": 4,
        "created_by": null,
        "created_on": "2016-11-23T22:48:54Z"
    }
},
{
    "model": "questions.option",
    "pk": 447,
    "fields": {
        "question": 90,
        "option": "2 years",
        "rank": 5,
        "created_by": null,
        "created_on": "2016-11-23T22:48:54Z"
    }
},
{
    "model": "questions.option",
    "pk": 448,
    "fields": {
        "question": 90,
        "option": "more than 2 years",
        "rank": 6,
        "created_by": null,
        "created_on": "2016-11-23T22:48:54Z"
    }
},
{
    "model": "questions.option",
    "pk": 449,
    "fields": {
        "question": 91,
        "option": "None",
        "rank": 1,
        "created_by": null,
        "created_on": "2016-11-23T22:48:54Z"
    }
},
{
    "model": "questions.option",
    "pk": 450,
    "fields": {
        "question": 91,
        "option": "> 3 months",
        "rank": 2,
        "created_by": null,
        "created_on": "2016-11-23T22:48:54Z"
    }
},
{
    "model": "questions.option",
    "pk": 451,
    "fields": {
        "question": 91,
        "option": "3 months to 6 months",
        "rank": 3,
        "created_by": null,
        "created_on": "2016-11-23T22:48:54Z"
    }
},
{
    "model": "questions.option",
    "pk": 452,
    "fields": {
        "question": 91,
        "option": "6 months to a year",
        "rank": 4,
        "created_by": null,
        "created_on": "2016-11-23T22:48:54Z"
    }
},
{
    "model": "questions.option",
    "pk": 453,
    "fields": {
        "question": 91,
        "option": "2 years",
        "rank": 5,
        "created_by": null,
        "created_on": "2016-11-23T22:48:54Z"
    }
},
{
    "model": "questions.option",
    "pk": 454,
    "fields": {
        "question": 91,
        "option": "more than 2 years",
        "rank": 6,
        "created_by": null,
        "created_on": "2016-11-23T22:48:54Z"
    }
},
{
    "model": "questions.option",
    "pk": 455,
    "fields": {
        "question": 92,
        "option": "None",
        "rank": 1,
        "created_by": null,
        "created_on": "2016-11-23T22:48:54Z"
    }
},
{
    "model": "questions.option",
    "pk": 456,
    "fields": {
        "question": 92,
        "option": "> 3 months",
        "rank": 2,
        "created_by": null,
        "created_on": "2016-11-23T22:48:54Z"
    }
},
{
    "model": "questions.option",
    "pk": 457,
    "fields": {
        "question": 92,
        "option": "3 months to 6 months",
        "rank": 3,
        "created_by": null,
        "created_on": "2016-11-23T22:48:54Z"
    }
},
{
    "model": "questions.option",
    "pk": 458,
    "fields": {
        "question": 92,
        "option": "6 months to a year",
        "rank": 4,
        "created_by": null,
        "created_on": "2016-11-23T22:48:54Z"
    }
},
{
    "model": "questions.option",
    "pk": 459,
    "fields": {
        "question": 92,
        "option": "2 years",
        "rank": 5,
        "created_by": null,
        "created_on": "2016-11-23T22:48:54Z"
    }
},
{
    "model": "questions.option",
    "pk": 460,
    "fields": {
        "question": 92,
        "option": "more than 2 years",
        "rank": 6,
        "created_by": null,
        "created_on": "2016-11-23T22:48:54Z"
    }
},
{
    "model": "questions.option",
    "pk": 461,
    "fields": {
        "question": 93,
        "option": "Coursework Only",
        "rank": 1,
        "created_by": null,
        "created_on": "2016-11-23T22:48:54Z"
    }
},
{
    "model": "questions.option",
    "pk": 462,
    "fields": {
        "question": 93,
        "option": "Intership, less than 3 months",
        "rank": 2,
        "created_by": null,
        "created_on": "2016-11-23T22:48:54Z"
    }
},
{
    "model": "questions.option",
    "pk": 463,
    "fields": {
        "question": 93,
        "option": "Intership, more than 3 months",
        "rank": 3,
        "created_by": null,
        "created_on": "2016-11-23T22:48:54Z"
    }
},
{
    "model": "questions.option",
    "pk": 464,
    "fields": {
        "question": 93,
        "option": "Professional Experience, less than 1 year",
        "rank": 4,
        "created_by": null,
        "created_on": "2016-11-23T22:48:54Z"
    }
},
{
    "model": "questions.option",
    "pk": 465,
    "fields": {
        "question": 93,
        "option": "Professional Experience, more than 1 year",
        "rank": 5,
        "created_by": null,
        "created_on": "2016-11-23T22:48:54Z"
    }
},
{
    "model": "questions.option",
    "pk": 466,
    "fields": {
        "question": 94,
        "option": "None",
        "rank": 2,
        "created_by": null,
        "created_on": "2016-11-23T22:48:54Z"
    }
},
{
    "model": "questions.option",
    "pk": 467,
    "fields": {
        "question": 94,
        "option": "Novice",
        "rank": 5,
        "created_by": null,
        "created_on": "2016-11-23T22:48:54Z"
    }
},
{
    "model": "questions.option",
    "pk": 468,
    "fields": {
        "question": 94,
        "option": "Intermediate",
        "rank": 10,
        "created_by": null,
        "created_on": "2016-11-23T22:48:54Z"
    }
},
{
    "model": "questions.option",
    "pk": 469,
    "fields": {
        "question": 94,
        "option": "Expert",
        "rank": 17,
        "created_by": null,
        "created_on": "2016-11-23T22:48:54Z"
    }
},
{
    "model": "questions.option",
    "pk": 470,
    "fields": {
        "question": 95,
        "option": "None",
        "rank": 2,
        "created_by": null,
        "created_on": "2016-11-23T22:48:54Z"
    }
},
{
    "model": "questions.option",
    "pk": 471,
    "fields": {
        "question": 95,
        "option": "Novice",
        "rank": 5,
        "created_by": null,
        "created_on": "2016-11-23T22:48:54Z"
    }
},
{
    "model": "questions.option",
    "pk": 472,
    "fields": {
        "question": 95,
        "option": "Intermediate",
        "rank": 10,
        "created_by": null,
        "created_on": "2016-11-23T22:48:54Z"
    }
},
{
    "model": "questions.option",
    "pk": 473,
    "fields": {
        "question": 95,
        "option": "Expert",
        "rank": 17,
        "created_by": null,
        "created_on": "2016-11-23T22:48:54Z"
    }
},
{
    "model": "questions.option",
    "pk": 474,
    "fields": {
        "question": 96,
        "option": "None",
        "rank": 2,
        "created_by": null,
        "created_on": "2016-11-23T22:48:54Z"
    }
},
{
    "model": "questions.option",
    "pk": 475,
    "fields": {
        "question": 96,
        "option": "Novice",
        "rank": 5,
        "created_by": null,
        "created_on": "2016-11-23T22:48:54Z"
    }
},
{
    "model": "questions.option",
    "pk": 476,
    "fields": {
        "question": 96,
        "option": "Intermediate",
        "rank": 10,
        "created_by": null,
        "created_on": "2016-11-23T22:48:54Z"
    }
},
{
    "model": "questions.option",
    "pk": 477,
    "fields": {
        "question": 96,
        "option": "Expert",
        "rank": 17,
        "created_by": null,
        "created_on": "2016-11-23T22:48:54Z"
    }
},
{
    "model": "questions.option",
    "pk": 478,
    "fields": {
        "question": 97,
        "option": "None",
        "rank": 2,
        "created_by": null,
        "created_on": "2016-11-23T22:48:54Z"
    }
},
{
    "model": "questions.option",
    "pk": 479,
    "fields": {
        "question": 97,
        "option": "Novice",
        "rank": 5,
        "created_by": null,
        "created_on": "2016-11-23T22:48:54Z"
    }
},
{
    "model": "questions.option",
    "pk": 480,
    "fields": {
        "question": 97,
        "option": "Intermediate",
        "rank": 10,
        "created_by": null,
        "created_on": "2016-11-23T22:48:54Z"
    }
},
{
    "model": "questions.option",
    "pk": 481,
    "fields": {
        "question": 97,
        "option": "Expert",
        "rank": 17,
        "created_by": null,
        "created_on": "2016-11-23T22:48:54Z"
    }
},
{
    "model": "questions.option",
    "pk": 482,
    "fields": {
        "question": 98,
        "option": "None",
        "rank": 2,
        "created_by": null,
        "created_on": "2016-11-23T22:48:54Z"
    }
},
{
    "model": "questions.option",
    "pk": 483,
    "fields": {
        "question": 98,
        "option": "Novice",
        "rank": 5,
        "created_by": null,
        "created_on": "2016-11-23T22:48:54Z"
    }
},
{
    "model": "questions.option",
    "pk": 484,
    "fields": {
        "question": 98,
        "option": "Intermediate",
        "rank": 10,
        "created_by": null,
        "created_on": "2016-11-23T22:48:54Z"
    }
},
{
    "model": "questions.option",
    "pk": 485,
    "fields": {
        "question": 98,
        "option": "Expert",
        "rank": 17,
        "created_by": null,
        "created_on": "2016-11-23T22:48:54Z"
    }
},
{
    "model": "questions.option",
    "pk": 486,
    "fields": {
        "question": 99,
        "option": "None",
        "rank": 2,
        "created_by": null,
        "created_on": "2016-11-23T22:48:54Z"
    }
},
{
    "model": "questions.option",
    "pk": 487,
    "fields": {
        "question": 99,
        "option": "Novice",
        "rank": 5,
        "created_by": null,
        "created_on": "2016-11-23T22:48:54Z"
    }
},
{
    "model": "questions.option",
    "pk": 488,
    "fields": {
        "question": 99,
        "option": "Intermediate",
        "rank": 10,
        "created_by": null,
        "created_on": "2016-11-23T22:48:54Z"
    }
},
{
    "model": "questions.option",
    "pk": 489,
    "fields": {
        "question": 99,
        "option": "Expert",
        "rank": 17,
        "created_by": null,
        "created_on": "2016-11-23T22:48:54Z"
    }
},
{
    "model": "questions.option",
    "pk": 490,
    "fields": {
        "question": 100,
        "option": "None",
        "rank": 2,
        "created_by": null,
        "created_on": "2016-11-23T22:48:54Z"
    }
},
{
    "model": "questions.option",
    "pk": 491,
    "fields": {
        "question": 100,
        "option": "Novice",
        "rank": 5,
        "created_by": null,
        "created_on": "2016-11-23T22:48:54Z"
    }
},
{
    "model": "questions.option",
    "pk": 492,
    "fields": {
        "question": 100,
        "option": "Intermediate",
        "rank": 10,
        "created_by": null,
        "created_on": "2016-11-23T22:48:54Z"
    }
},
{
    "model": "questions.option",
    "pk": 493,
    "fields": {
        "question": 100,
        "option": "Expert",
        "rank": 17,
        "created_by": null,
        "created_on": "2016-11-23T22:48:54Z"
    }
},
{
    "model": "questions.option",
    "pk": 494,
    "fields": {
        "question": 101,
        "option": "None",
        "rank": 2,
        "created_by": null,
        "created_on": "2016-11-23T22:48:54Z"
    }
},
{
    "model": "questions.option",
    "pk": 495,
    "fields": {
        "question": 101,
        "option": "Novice",
        "rank": 5,
        "created_by": null,
        "created_on": "2016-11-23T22:48:54Z"
    }
},
{
    "model": "questions.option",
    "pk": 496,
    "fields": {
        "question": 101,
        "option": "Intermediate",
        "rank": 10,
        "created_by": null,
        "created_on": "2016-11-23T22:48:54Z"
    }
},
{
    "model": "questions.option",
    "pk": 497,
    "fields": {
        "question": 101,
        "option": "Expert",
        "rank": 17,
        "created_by": null,
        "created_on": "2016-11-23T22:48:54Z"
    }
},
{
    "model": "questions.option",
    "pk": 498,
    "fields": {
        "question": 102,
        "option": "None",
        "rank": 2,
        "created_by": null,
        "created_on": "2016-11-23T22:48:54Z"
    }
},
{
    "model": "questions.option",
    "pk": 499,
    "fields": {
        "question": 102,
        "option": "Novice",
        "rank": 5,
        "created_by": null,
        "created_on": "2016-11-23T22:48:54Z"
    }
},
{
    "model": "questions.option",
    "pk": 500,
    "fields": {
        "question": 102,
        "option": "Intermediate",
        "rank": 10,
        "created_by": null,
        "created_on": "2016-11-23T22:48:54Z"
    }
},
{
    "model": "questions.option",
    "pk": 501,
    "fields": {
        "question": 102,
        "option": "Expert",
        "rank": 17,
        "created_by": null,
        "created_on": "2016-11-23T22:48:54Z"
    }
},
{
    "model": "questions.option",
    "pk": 502,
    "fields": {
        "question": 103,
        "option": "None",
        "rank": 2,
        "created_by": null,
        "created_on": "2016-11-23T22:48:54Z"
    }
},
{
    "model": "questions.option",
    "pk": 503,
    "fields": {
        "question": 103,
        "option": "Novice",
        "rank": 5,
        "created_by": null,
        "created_on": "2016-11-23T22:48:54Z"
    }
},
{
    "model": "questions.option",
    "pk": 504,
    "fields": {
        "question": 103,
        "option": "Intermediate",
        "rank": 10,
        "created_by": null,
        "created_on": "2016-11-23T22:48:54Z"
    }
},
{
    "model": "questions.option",
    "pk": 505,
    "fields": {
        "question": 103,
        "option": "Expert",
        "rank": 17,
        "created_by": null,
        "created_on": "2016-11-23T22:48:54Z"
    }
},
{
    "model": "questions.option",
    "pk": 506,
    "fields": {
        "question": 104,
        "option": "None",
        "rank": 2,
        "created_by": null,
        "created_on": "2016-11-23T22:48:54Z"
    }
},
{
    "model": "questions.option",
    "pk": 507,
    "fields": {
        "question": 104,
        "option": "Novice",
        "rank": 5,
        "created_by": null,
        "created_on": "2016-11-23T22:48:54Z"
    }
},
{
    "model": "questions.option",
    "pk": 508,
    "fields": {
        "question": 104,
        "option": "Intermediate",
        "rank": 10,
        "created_by": null,
        "created_on": "2016-11-23T22:48:54Z"
    }
},
{
    "model": "questions.option",
    "pk": 509,
    "fields": {
        "question": 104,
        "option": "Expert",
        "rank": 17,
        "created_by": null,
        "created_on": "2016-11-23T22:48:54Z"
    }
},
{
    "model": "questions.option",
    "pk": 510,
    "fields": {
        "question": 105,
        "option": "None",
        "rank": 2,
        "created_by": null,
        "created_on": "2016-11-23T22:48:54Z"
    }
},
{
    "model": "questions.option",
    "pk": 511,
    "fields": {
        "question": 105,
        "option": "Novice",
        "rank": 5,
        "created_by": null,
        "created_on": "2016-11-23T22:48:54Z"
    }
},
{
    "model": "questions.option",
    "pk": 512,
    "fields": {
        "question": 105,
        "option": "Intermediate",
        "rank": 10,
        "created_by": null,
        "created_on": "2016-11-23T22:48:54Z"
    }
},
{
    "model": "questions.option",
    "pk": 513,
    "fields": {
        "question": 105,
        "option": "Expert",
        "rank": 17,
        "created_by": null,
        "created_on": "2016-11-23T22:48:54Z"
    }
},
{
    "model": "questions.option",
    "pk": 514,
    "fields": {
        "question": 106,
        "option": "None",
        "rank": 2,
        "created_by": null,
        "created_on": "2016-11-23T22:48:54Z"
    }
},
{
    "model": "questions.option",
    "pk": 515,
    "fields": {
        "question": 106,
        "option": "Novice",
        "rank": 5,
        "created_by": null,
        "created_on": "2016-11-23T22:48:54Z"
    }
},
{
    "model": "questions.option",
    "pk": 516,
    "fields": {
        "question": 106,
        "option": "Intermediate",
        "rank": 10,
        "created_by": null,
        "created_on": "2016-11-23T22:48:54Z"
    }
},
{
    "model": "questions.option",
    "pk": 517,
    "fields": {
        "question": 106,
        "option": "Expert",
        "rank": 17,
        "created_by": null,
        "created_on": "2016-11-23T22:48:54Z"
    }
},
{
    "model": "questions.option",
    "pk": 518,
    "fields": {
        "question": 107,
        "option": "None",
        "rank": 2,
        "created_by": null,
        "created_on": "2016-11-23T22:48:54Z"
    }
},
{
    "model": "questions.option",
    "pk": 519,
    "fields": {
        "question": 107,
        "option": "Novice",
        "rank": 5,
        "created_by": null,
        "created_on": "2016-11-23T22:48:54Z"
    }
},
{
    "model": "questions.option",
    "pk": 520,
    "fields": {
        "question": 107,
        "option": "Intermediate",
        "rank": 10,
        "created_by": null,
        "created_on": "2016-11-23T22:48:54Z"
    }
},
{
    "model": "questions.option",
    "pk": 521,
    "fields": {
        "question": 107,
        "option": "Expert",
        "rank": 17,
        "created_by": null,
        "created_on": "2016-11-23T22:48:54Z"
    }
},
{
    "model": "questions.option",
    "pk": 522,
    "fields": {
        "question": 108,
        "option": "None",
        "rank": 2,
        "created_by": null,
        "created_on": "2016-11-23T22:48:54Z"
    }
},
{
    "model": "questions.option",
    "pk": 523,
    "fields": {
        "question": 108,
        "option": "Novice",
        "rank": 5,
        "created_by": null,
        "created_on": "2016-11-23T22:48:54Z"
    }
},
{
    "model": "questions.option",
    "pk": 524,
    "fields": {
        "question": 108,
        "option": "Intermediate",
        "rank": 10,
        "created_by": null,
        "created_on": "2016-11-23T22:48:54Z"
    }
},
{
    "model": "questions.option",
    "pk": 525,
    "fields": {
        "question": 108,
        "option": "Expert",
        "rank": 17,
        "created_by": null,
        "created_on": "2016-11-23T22:48:54Z"
    }
},
{
    "model": "questions.option",
    "pk": 526,
    "fields": {
        "question": 109,
        "option": "None",
        "rank": 2,
        "created_by": null,
        "created_on": "2016-11-23T22:48:54Z"
    }
},
{
    "model": "questions.option",
    "pk": 527,
    "fields": {
        "question": 109,
        "option": "> 3 months",
        "rank": 6,
        "created_by": null,
        "created_on": "2016-11-23T22:48:54Z"
    }
},
{
    "model": "questions.option",
    "pk": 528,
    "fields": {
        "question": 109,
        "option": "3 months to 6 months",
        "rank": 12,
        "created_by": null,
        "created_on": "2016-11-23T22:48:54Z"
    }
},
{
    "model": "questions.option",
    "pk": 529,
    "fields": {
        "question": 109,
        "option": "6 months to a year",
        "rank": 20,
        "created_by": null,
        "created_on": "2016-11-23T22:48:54Z"
    }
},
{
    "model": "questions.option",
    "pk": 530,
    "fields": {
        "question": 109,
        "option": "2 years",
        "rank": 30,
        "created_by": null,
        "created_on": "2016-11-23T22:48:54Z"
    }
},
{
    "model": "questions.option",
    "pk": 531,
    "fields": {
        "question": 109,
        "option": "more than 2 years",
        "rank": 42,
        "created_by": null,
        "created_on": "2016-11-23T22:48:54Z"
    }
},
{
    "model": "questions.option",
    "pk": 532,
    "fields": {
        "question": 110,
        "option": "None",
        "rank": 2,
        "created_by": null,
        "created_on": "2016-11-23T22:48:54Z"
    }
},
{
    "model": "questions.option",
    "pk": 533,
    "fields": {
        "question": 110,
        "option": "> 3 months",
        "rank": 6,
        "created_by": null,
        "created_on": "2016-11-23T22:48:54Z"
    }
},
{
    "model": "questions.option",
    "pk": 534,
    "fields": {
        "question": 110,
        "option": "3 months to 6 months",
        "rank": 12,
        "created_by": null,
        "created_on": "2016-11-23T22:48:54Z"
    }
},
{
    "model": "questions.option",
    "pk": 535,
    "fields": {
        "question": 110,
        "option": "6 months to a year",
        "rank": 20,
        "created_by": null,
        "created_on": "2016-11-23T22:48:54Z"
    }
},
{
    "model": "questions.option",
    "pk": 536,
    "fields": {
        "question": 110,
        "option": "2 years",
        "rank": 30,
        "created_by": null,
        "created_on": "2016-11-23T22:48:54Z"
    }
},
{
    "model": "questions.option",
    "pk": 537,
    "fields": {
        "question": 110,
        "option": "more than 2 years",
        "rank": 42,
        "created_by": null,
        "created_on": "2016-11-23T22:48:54Z"
    }
},
{
    "model": "questions.option",
    "pk": 538,
    "fields": {
        "question": 111,
        "option": "None",
        "rank": 2,
        "created_by": null,
        "created_on": "2016-11-23T22:48:54Z"
    }
},
{
    "model": "questions.option",
    "pk": 539,
    "fields": {
        "question": 111,
        "option": "> 3 months",
        "rank": 6,
        "created_by": null,
        "created_on": "2016-11-23T22:48:54Z"
    }
},
{
    "model": "questions.option",
    "pk": 540,
    "fields": {
        "question": 111,
        "option": "3 months to 6 months",
        "rank": 12,
        "created_by": null,
        "created_on": "2016-11-23T22:48:54Z"
    }
},
{
    "model": "questions.option",
    "pk": 541,
    "fields": {
        "question": 111,
        "option": "6 months to a year",
        "rank": 20,
        "created_by": null,
        "created_on": "2016-11-23T22:48:54Z"
    }
},
{
    "model": "questions.option",
    "pk": 542,
    "fields": {
        "question": 111,
        "option": "2 years",
        "rank": 30,
        "created_by": null,
        "created_on": "2016-11-23T22:48:54Z"
    }
},
{
    "model": "questions.option",
    "pk": 543,
    "fields": {
        "question": 111,
        "option": "more than 2 years",
        "rank": 42,
        "created_by": null,
        "created_on": "2016-11-23T22:48:54Z"
    }
},
{
    "model": "questions.option",
    "pk": 544,
    "fields": {
        "question": 112,
        "option": "None",
        "rank": 2,
        "created_by": null,
        "created_on": "2016-11-23T22:48:54Z"
    }
},
{
    "model": "questions.option",
    "pk": 545,
    "fields": {
        "question": 112,
        "option": "> 3 months",
        "rank": 6,
        "created_by": null,
        "created_on": "2016-11-23T22:48:54Z"
    }
},
{
    "model": "questions.option",
    "pk": 546,
    "fields": {
        "question": 112,
        "option": "3 months to 6 months",
        "rank": 12,
        "created_by": null,
        "created_on": "2016-11-23T22:48:54Z"
    }
},
{
    "model": "questions.option",
    "pk": 547,
    "fields": {
        "question": 112,
        "option": "6 months to a year",
        "rank": 20,
        "created_by": null,
        "created_on": "2016-11-23T22:48:54Z"
    }
},
{
    "model": "questions.option",
    "pk": 548,
    "fields": {
        "question": 112,
        "option": "2 years",
        "rank": 30,
        "created_by": null,
        "created_on": "2016-11-23T22:48:54Z"
    }
},
{
    "model": "questions.option",
    "pk": 549,
    "fields": {
        "question": 112,
        "option": "more than 2 years",
        "rank": 42,
        "created_by": null,
        "created_on": "2016-11-23T22:48:54Z"
    }
},
{
    "model": "questions.option",
    "pk": 550,
    "fields": {
        "question": 113,
        "option": "None",
        "rank": 2,
        "created_by": null,
        "created_on": "2016-11-23T22:48:54Z"
    }
},
{
    "model": "questions.option",
    "pk": 551,
    "fields": {
        "question": 113,
        "option": "> 3 months",
        "rank": 6,
        "created_by": null,
        "created_on": "2016-11-23T22:48:54Z"
    }
},
{
    "model": "questions.option",
    "pk": 552,
    "fields": {
        "question": 113,
        "option": "3 months to 6 months",
        "rank": 12,
        "created_by": null,
        "created_on": "2016-11-23T22:48:54Z"
    }
},
{
    "model": "questions.option",
    "pk": 553,
    "fields": {
        "question": 113,
        "option": "6 months to a year",
        "rank": 20,
        "created_by": null,
        "created_on": "2016-11-23T22:48:54Z"
    }
},
{
    "model": "questions.option",
    "pk": 554,
    "fields": {
        "question": 113,
        "option": "2 years",
        "rank": 30,
        "created_by": null,
        "created_on": "2016-11-23T22:48:54Z"
    }
},
{
    "model": "questions.option",
    "pk": 555,
    "fields": {
        "question": 113,
        "option": "more than 2 years",
        "rank": 42,
        "created_by": null,
        "created_on": "2016-11-23T22:48:54Z"
    }
},
{
    "model": "questions.option",
    "pk": 556,
    "fields": {
        "question": 114,
        "option": "None",
        "rank": 2,
        "created_by": null,
        "created_on": "2016-11-23T22:48:54Z"
    }
},
{
    "model": "questions.option",
    "pk": 557,
    "fields": {
        "question": 114,
        "option": "> 3 months",
        "rank": 6,
        "created_by": null,
        "created_on": "2016-11-23T22:48:54Z"
    }
},
{
    "model": "questions.option",
    "pk": 558,
    "fields": {
        "question": 114,
        "option": "3 months to 6 months",
        "rank": 12,
        "created_by": null,
        "created_on": "2016-11-23T22:48:54Z"
    }
},
{
    "model": "questions.option",
    "pk": 559,
    "fields": {
        "question": 114,
        "option": "6 months to a year",
        "rank": 20,
        "created_by": null,
        "created_on": "2016-11-23T22:48:54Z"
    }
},
{
    "model": "questions.option",
    "pk": 560,
    "fields": {
        "question": 114,
        "option": "2 years",
        "rank": 30,
        "created_by": null,
        "created_on": "2016-11-23T22:48:54Z"
    }
},
{
    "model": "questions.option",
    "pk": 561,
    "fields": {
        "question": 114,
        "option": "more than 2 years",
        "rank": 42,
        "created_by": null,
        "created_on": "2016-11-23T22:48:54Z"
    }
},
{
    "model": "questions.option",
    "pk": 562,
    "fields": {
        "question": 115,
        "option": "None",
        "rank": 2,
        "created_by": null,
        "created_on": "2016-11-23T22:48:54Z"
    }
},
{
    "model": "questions.option",
    "pk": 563,
    "fields": {
        "question": 115,
        "option": "> 3 months",
        "rank": 6,
        "created_by": null,
        "created_on": "2016-11-23T22:48:54Z"
    }
},
{
    "model": "questions.option",
    "pk": 564,
    "fields": {
        "question": 115,
        "option": "3 months to 6 months",
        "rank": 12,
        "created_by": null,
        "created_on": "2016-11-23T22:48:54Z"
    }
},
{
    "model": "questions.option",
    "pk": 565,
    "fields": {
        "question": 115,
        "option": "6 months to a year",
        "rank": 20,
        "created_by": null,
        "created_on": "2016-11-23T22:48:54Z"
    }
},
{
    "model": "questions.option",
    "pk": 566,
    "fields": {
        "question": 115,
        "option": "2 years",
        "rank": 30,
        "created_by": null,
        "created_on": "2016-11-23T22:48:54Z"
    }
},
{
    "model": "questions.option",
    "pk": 567,
    "fields": {
        "question": 115,
        "option": "more than 2 years",
        "rank": 42,
        "created_by": null,
        "created_on": "2016-11-23T22:48:54Z"
    }
},
{
    "model": "questions.option",
    "pk": 568,
    "fields": {
        "question": 116,
        "option": "None",
        "rank": 2,
        "created_by": null,
        "created_on": "2016-11-23T22:48:54Z"
    }
},
{
    "model": "questions.option",
    "pk": 569,
    "fields": {
        "question": 116,
        "option": "> 3 months",
        "rank": 6,
        "created_by": null,
        "created_on": "2016-11-23T22:48:54Z"
    }
},
{
    "model": "questions.option",
    "pk": 570,
    "fields": {
        "question": 116,
        "option": "3 months to 6 months",
        "rank": 12,
        "created_by": null,
        "created_on": "2016-11-23T22:48:54Z"
    }
},
{
    "model": "questions.option",
    "pk": 571,
    "fields": {
        "question": 116,
        "option": "6 months to a year",
        "rank": 20,
        "created_by": null,
        "created_on": "2016-11-23T22:48:54Z"
    }
},
{
    "model": "questions.option",
    "pk": 572,
    "fields": {
        "question": 116,
        "option": "2 years",
        "rank": 30,
        "created_by": null,
        "created_on": "2016-11-23T22:48:54Z"
    }
},
{
    "model": "questions.option",
    "pk": 573,
    "fields": {
        "question": 116,
        "option": "more than 2 years",
        "rank": 42,
        "created_by": null,
        "created_on": "2016-11-23T22:48:54Z"
    }
},
{
    "model": "questions.option",
    "pk": 574,
    "fields": {
        "question": 117,
        "option": "None",
        "rank": 2,
        "created_by": null,
        "created_on": "2016-11-23T22:48:54Z"
    }
},
{
    "model": "questions.option",
    "pk": 575,
    "fields": {
        "question": 117,
        "option": "> 3 months",
        "rank": 6,
        "created_by": null,
        "created_on": "2016-11-23T22:48:54Z"
    }
},
{
    "model": "questions.option",
    "pk": 576,
    "fields": {
        "question": 117,
        "option": "3 months to 6 months",
        "rank": 12,
        "created_by": null,
        "created_on": "2016-11-23T22:48:54Z"
    }
},
{
    "model": "questions.option",
    "pk": 577,
    "fields": {
        "question": 117,
        "option": "6 months to a year",
        "rank": 20,
        "created_by": null,
        "created_on": "2016-11-23T22:48:54Z"
    }
},
{
    "model": "questions.option",
    "pk": 578,
    "fields": {
        "question": 117,
        "option": "2 years",
        "rank": 30,
        "created_by": null,
        "created_on": "2016-11-23T22:48:54Z"
    }
},
{
    "model": "questions.option",
    "pk": 579,
    "fields": {
        "question": 117,
        "option": "more than 2 years",
        "rank": 42,
        "created_by": null,
        "created_on": "2016-11-23T22:48:54Z"
    }
},
{
    "model": "questions.option",
    "pk": 580,
    "fields": {
        "question": 118,
        "option": "None",
        "rank": 2,
        "created_by": null,
        "created_on": "2016-11-23T22:48:54Z"
    }
},
{
    "model": "questions.option",
    "pk": 581,
    "fields": {
        "question": 118,
        "option": "> 3 months",
        "rank": 6,
        "created_by": null,
        "created_on": "2016-11-23T22:48:54Z"
    }
},
{
    "model": "questions.option",
    "pk": 582,
    "fields": {
        "question": 118,
        "option": "3 months to 6 months",
        "rank": 12,
        "created_by": null,
        "created_on": "2016-11-23T22:48:54Z"
    }
},
{
    "model": "questions.option",
    "pk": 583,
    "fields": {
        "question": 118,
        "option": "6 months to a year",
        "rank": 20,
        "created_by": null,
        "created_on": "2016-11-23T22:48:54Z"
    }
},
{
    "model": "questions.option",
    "pk": 584,
    "fields": {
        "question": 118,
        "option": "2 years",
        "rank": 30,
        "created_by": null,
        "created_on": "2016-11-23T22:48:54Z"
    }
},
{
    "model": "questions.option",
    "pk": 585,
    "fields": {
        "question": 118,
        "option": "more than 2 years",
        "rank": 42,
        "created_by": null,
        "created_on": "2016-11-23T22:48:54Z"
    }
},
{
    "model": "questions.option",
    "pk": 586,
    "fields": {
        "question": 119,
        "option": "None",
        "rank": 2,
        "created_by": null,
        "created_on": "2016-11-23T22:48:54Z"
    }
},
{
    "model": "questions.option",
    "pk": 587,
    "fields": {
        "question": 119,
        "option": "> 3 months",
        "rank": 6,
        "created_by": null,
        "created_on": "2016-11-23T22:48:54Z"
    }
},
{
    "model": "questions.option",
    "pk": 588,
    "fields": {
        "question": 119,
        "option": "3 months to 6 months",
        "rank": 12,
        "created_by": null,
        "created_on": "2016-11-23T22:48:54Z"
    }
},
{
    "model": "questions.option",
    "pk": 589,
    "fields": {
        "question": 119,
        "option": "6 months to a year",
        "rank": 20,
        "created_by": null,
        "created_on": "2016-11-23T22:48:54Z"
    }
},
{
    "model": "questions.option",
    "pk": 590,
    "fields": {
        "question": 119,
        "option": "2 years",
        "rank": 30,
        "created_by": null,
        "created_on": "2016-11-23T22:48:54Z"
    }
},
{
    "model": "questions.option",
    "pk": 591,
    "fields": {
        "question": 119,
        "option": "more than 2 years",
        "rank": 42,
        "created_by": null,
        "created_on": "2016-11-23T22:48:54Z"
    }
},
{
    "model": "questions.option",
    "pk": 592,
    "fields": {
        "question": 120,
        "option": "None",
        "rank": 2,
        "created_by": null,
        "created_on": "2016-11-23T22:48:54Z"
    }
},
{
    "model": "questions.option",
    "pk": 593,
    "fields": {
        "question": 120,
        "option": "> 3 months",
        "rank": 6,
        "created_by": null,
        "created_on": "2016-11-23T22:48:54Z"
    }
},
{
    "model": "questions.option",
    "pk": 594,
    "fields": {
        "question": 120,
        "option": "3 months to 6 months",
        "rank": 12,
        "created_by": null,
        "created_on": "2016-11-23T22:48:54Z"
    }
},
{
    "model": "questions.option",
    "pk": 595,
    "fields": {
        "question": 120,
        "option": "6 months to a year",
        "rank": 20,
        "created_by": null,
        "created_on": "2016-11-23T22:48:54Z"
    }
},
{
    "model": "questions.option",
    "pk": 596,
    "fields": {
        "question": 120,
        "option": "2 years",
        "rank": 30,
        "created_by": null,
        "created_on": "2016-11-23T22:48:54Z"
    }
},
{
    "model": "questions.option",
    "pk": 597,
    "fields": {
        "question": 120,
        "option": "more than 2 years",
        "rank": 42,
        "created_by": null,
        "created_on": "2016-11-23T22:48:54Z"
    }
},
{
    "model": "questions.option",
    "pk": 598,
    "fields": {
        "question": 121,
        "option": "None",
        "rank": 2,
        "created_by": null,
        "created_on": "2016-11-23T22:48:54Z"
    }
},
{
    "model": "questions.option",
    "pk": 599,
    "fields": {
        "question": 121,
        "option": "> 3 months",
        "rank": 6,
        "created_by": null,
        "created_on": "2016-11-23T22:48:54Z"
    }
},
{
    "model": "questions.option",
    "pk": 600,
    "fields": {
        "question": 121,
        "option": "3 months to 6 months",
        "rank": 12,
        "created_by": null,
        "created_on": "2016-11-23T22:48:54Z"
    }
},
{
    "model": "questions.option",
    "pk": 601,
    "fields": {
        "question": 121,
        "option": "6 months to a year",
        "rank": 20,
        "created_by": null,
        "created_on": "2016-11-23T22:48:54Z"
    }
},
{
    "model": "questions.option",
    "pk": 602,
    "fields": {
        "question": 121,
        "option": "2 years",
        "rank": 30,
        "created_by": null,
        "created_on": "2016-11-23T22:48:54Z"
    }
},
{
    "model": "questions.option",
    "pk": 603,
    "fields": {
        "question": 121,
        "option": "more than 2 years",
        "rank": 42,
        "created_by": null,
        "created_on": "2016-11-23T22:48:54Z"
    }
},
{
    "model": "questions.option",
    "pk": 604,
    "fields": {
        "question": 122,
        "option": "None",
        "rank": 2,
        "created_by": null,
        "created_on": "2016-11-23T22:48:54Z"
    }
},
{
    "model": "questions.option",
    "pk": 605,
    "fields": {
        "question": 122,
        "option": "> 3 months",
        "rank": 6,
        "created_by": null,
        "created_on": "2016-11-23T22:48:54Z"
    }
},
{
    "model": "questions.option",
    "pk": 606,
    "fields": {
        "question": 122,
        "option": "3 months to 6 months",
        "rank": 12,
        "created_by": null,
        "created_on": "2016-11-23T22:48:54Z"
    }
},
{
    "model": "questions.option",
    "pk": 607,
    "fields": {
        "question": 122,
        "option": "6 months to a year",
        "rank": 20,
        "created_by": null,
        "created_on": "2016-11-23T22:48:54Z"
    }
},
{
    "model": "questions.option",
    "pk": 608,
    "fields": {
        "question": 122,
        "option": "2 years",
        "rank": 30,
        "created_by": null,
        "created_on": "2016-11-23T22:48:54Z"
    }
},
{
    "model": "questions.option",
    "pk": 609,
    "fields": {
        "question": 122,
        "option": "more than 2 years",
        "rank": 42,
        "created_by": null,
        "created_on": "2016-11-23T22:48:54Z"
    }
},
{
    "model": "questions.option",
    "pk": 610,
    "fields": {
        "question": 123,
        "option": "None",
        "rank": 2,
        "created_by": null,
        "created_on": "2016-11-23T22:48:54Z"
    }
},
{
    "model": "questions.option",
    "pk": 611,
    "fields": {
        "question": 123,
        "option": "> 3 months",
        "rank": 6,
        "created_by": null,
        "created_on": "2016-11-23T22:48:54Z"
    }
},
{
    "model": "questions.option",
    "pk": 612,
    "fields": {
        "question": 123,
        "option": "3 months to 6 months",
        "rank": 12,
        "created_by": null,
        "created_on": "2016-11-23T22:48:54Z"
    }
},
{
    "model": "questions.option",
    "pk": 613,
    "fields": {
        "question": 123,
        "option": "6 months to a year",
        "rank": 20,
        "created_by": null,
        "created_on": "2016-11-23T22:48:54Z"
    }
},
{
    "model": "questions.option",
    "pk": 614,
    "fields": {
        "question": 123,
        "option": "2 years",
        "rank": 30,
        "created_by": null,
        "created_on": "2016-11-23T22:48:54Z"
    }
},
{
    "model": "questions.option",
    "pk": 615,
    "fields": {
        "question": 123,
        "option": "more than 2 years",
        "rank": 42,
        "created_by": null,
        "created_on": "2016-11-23T22:48:54Z"
    }
},
{
    "model": "questions.option",
    "pk": 616,
    "fields": {
        "question": 124,
        "option": "Coursework Only",
        "rank": 2,
        "created_by": null,
        "created_on": "2016-11-23T22:48:54Z"
    }
},
{
    "model": "questions.option",
    "pk": 617,
    "fields": {
        "question": 124,
        "option": "Intership, less than 3 months",
        "rank": 6,
        "created_by": null,
        "created_on": "2016-11-23T22:48:54Z"
    }
},
{
    "model": "questions.option",
    "pk": 618,
    "fields": {
        "question": 124,
        "option": "Intership, more than 3 months",
        "rank": 12,
        "created_by": null,
        "created_on": "2016-11-23T22:48:54Z"
    }
},
{
    "model": "questions.option",
    "pk": 619,
    "fields": {
        "question": 124,
        "option": "Professional Experience, less than 1 year",
        "rank": 20,
        "created_by": null,
        "created_on": "2016-11-23T22:48:54Z"
    }
},
{
    "model": "questions.option",
    "pk": 620,
    "fields": {
        "question": 124,
        "option": "Professional Experience, more than 1 year",
        "rank": 30,
        "created_by": null,
        "created_on": "2016-11-23T22:48:54Z"
    }
},
{
    "model": "questions.config",
    "pk": 4,
    "fields": {
        "name": "Configuration 1",
        "description": "",
        "created_by": null,
        "created_on": "2016-11-23T22:48:54Z",
        "questions": [
            63,
            64,
            65,
            66,
            67,
            68,
            69,
            70,
            71,
            72,
            73,
            74,
            75,
            76,
            77,
            78,
            79,
            80,
            81,
            82,
            83,
            84,
            85,
            86,
            87,
            88,
            89,
            90,
            91,
            92,
            93
        ]
    }
},
{
    "model": "questions.config",
    "pk": 5,
    "fields": {
        "name": "Configuration 2",
        "description": "",
        "created_by": null,
        "created_on": "2016-11-23T22:48:54Z",
        "questions": [
            94,
            95,
            96,
            97,
            98,
            99,
            100,
            101,
            102,
            103,
            104,
            105,
            106,
            107,
            108
        ]
    }
},
{
    "model": "questions.config",
    "pk": 6,
    "fields": {
        "name": "Configuration 3",
        "description": "",
        "created_by": null,
        "created_on": "2016-11-23T22:48:54Z",
        "questions": [
            109,
            110,
            111,
            112,
            113,
            114,
            115,
            116,
            117,
            118,
            119,
            120,
            121,
            122,
            123,
            124
        ]
    }
}
]
