[
{
    "model": "contenttypes.contenttype",
    "pk": 1,
    "fields": {
        "app_label": "admin",
        "model": "logentry"
    }
},
{
    "model": "contenttypes.contenttype",
    "pk": 2,
    "fields": {
        "app_label": "auth",
        "model": "group"
    }
},
{
    "model": "contenttypes.contenttype",
    "pk": 3,
    "fields": {
        "app_label": "auth",
        "model": "permission"
    }
},
{
    "model": "contenttypes.contenttype",
    "pk": 4,
    "fields": {
        "app_label": "auth",
        "model": "user"
    }
},
{
    "model": "contenttypes.contenttype",
    "pk": 5,
    "fields": {
        "app_label": "contenttypes",
        "model": "contenttype"
    }
},
{
    "model": "contenttypes.contenttype",
    "pk": 6,
    "fields": {
        "app_label": "sessions",
        "model": "session"
    }
},
{
    "model": "contenttypes.contenttype",
    "pk": 7,
    "fields": {
        "app_label": "courses",
        "model": "course"
    }
},
{
    "model": "contenttypes.contenttype",
    "pk": 8,
    "fields": {
        "app_label": "students",
        "model": "professorcoursemapping"
    }
},
{
    "model": "contenttypes.contenttype",
    "pk": 9,
    "fields": {
        "app_label": "students",
        "model": "studentcoursemapping"
    }
},
{
    "model": "contenttypes.contenttype",
    "pk": 10,
    "fields": {
        "app_label": "students",
        "model": "siteuser"
    }
},
{
    "model": "contenttypes.contenttype",
    "pk": 11,
    "fields": {
        "app_label": "questions",
        "model": "question"
    }
},
{
    "model": "contenttypes.contenttype",
    "pk": 12,
    "fields": {
        "app_label": "questions",
        "model": "option"
    }
},
{
    "model": "contenttypes.contenttype",
    "pk": 13,
    "fields": {
        "app_label": "questions",
        "model": "config"
    }
},
{
    "model": "students.studentcoursemapping",
    "pk": 1,
    "fields": {
        "student": 1,
        "course": 1,
        "rank": null,
        "options": [
            1,
            7,
            11,
            16,
            17,
            22,
            28,
            31,
            33,
            38,
            42,
            46,
            50,
            53,
            57,
            63,
            70,
            73,
            82,
            89,
            91,
            102,
            104,
            111,
            117,
            124,
            128,
            137,
            141,
            149,
            151
        ]
    }
},
{
    "model": "students.studentcoursemapping",
    "pk": 2,
    "fields": {
        "student": 1,
        "course": 2,
        "rank": null,
        "options": [
            156,
            162,
            164,
            169,
            172,
            176,
            183,
            185,
            190,
            192,
            198,
            203,
            205,
            210,
            214
        ]
    }
},
{
    "model": "students.studentcoursemapping",
    "pk": 3,
    "fields": {
        "student": 1,
        "course": 3,
        "rank": null,
        "options": [
            220,
            226,
            233,
            235,
            240,
            251,
            252,
            259,
            268,
            273,
            278,
            283,
            292,
            296,
            302,
            308
        ]
    }
},
{
    "model": "students.studentcoursemapping",
    "pk": 4,
    "fields": {
        "student": 2,
        "course": 1,
        "rank": null,
        "options": [
            2,
            8,
            9,
            15,
            20,
            24,
            26,
            29,
            35,
            40,
            44,
            47,
            51,
            54,
            59,
            66,
            72,
            77,
            84,
            88,
            93,
            100,
            104,
            111,
            119,
            121,
            132,
            137,
            141,
            150,
            154
        ]
    }
},
{
    "model": "students.studentcoursemapping",
    "pk": 5,
    "fields": {
        "student": 2,
        "course": 2,
        "rank": null,
        "options": [
            156,
            162,
            167,
            170,
            173,
            177,
            182,
            186,
            189,
            194,
            196,
            203,
            206,
            208,
            214
        ]
    }
},
{
    "model": "students.studentcoursemapping",
    "pk": 6,
    "fields": {
        "student": 2,
        "course": 3,
        "rank": null,
        "options": [
            219,
            223,
            229,
            236,
            244,
            247,
            255,
            258,
            267,
            270,
            279,
            284,
            288,
            297,
            301,
            309
        ]
    }
},
{
    "model": "students.studentcoursemapping",
    "pk": 7,
    "fields": {
        "student": 3,
        "course": 1,
        "rank": null,
        "options": [
            4,
            8,
            11,
            15,
            20,
            23,
            26,
            29,
            36,
            39,
            43,
            45,
            52,
            56,
            58,
            63,
            69,
            76,
            79,
            86,
            96,
            97,
            107,
            109,
            116,
            125,
            129,
            134,
            143,
            150,
            151
        ]
    }
},
{
    "model": "students.studentcoursemapping",
    "pk": 8,
    "fields": {
        "student": 3,
        "course": 2,
        "rank": null,
        "options": [
            158,
            161,
            166,
            169,
            175,
            176,
            180,
            184,
            189,
            192,
            196,
            203,
            206,
            210,
            213
        ]
    }
},
{
    "model": "students.studentcoursemapping",
    "pk": 9,
    "fields": {
        "student": 3,
        "course": 3,
        "rank": null,
        "options": [
            221,
            225,
            232,
            236,
            244,
            246,
            254,
            260,
            268,
            274,
            277,
            287,
            290,
            299,
            305,
            308
        ]
    }
},
{
    "model": "students.studentcoursemapping",
    "pk": 10,
    "fields": {
        "student": 4,
        "course": 1,
        "rank": null,
        "options": [
            4,
            7,
            11,
            14,
            20,
            23,
            26,
            31,
            35,
            37,
            43,
            48,
            49,
            53,
            57,
            64,
            67,
            73,
            84,
            89,
            96,
            100,
            105,
            110,
            116,
            122,
            128,
            136,
            141,
            147,
            155
        ]
    }
},
{
    "model": "students.studentcoursemapping",
    "pk": 11,
    "fields": {
        "student": 4,
        "course": 2,
        "rank": null,
        "options": [
            158,
            161,
            166,
            169,
            174,
            179,
            182,
            186,
            190,
            193,
            198,
            202,
            206,
            209,
            215
        ]
    }
},
{
    "model": "students.studentcoursemapping",
    "pk": 12,
    "fields": {
        "student": 4,
        "course": 3,
        "rank": null,
        "options": [
            220,
            222,
            233,
            237,
            242,
            249,
            256,
            260,
            269,
            273,
            277,
            286,
            289,
            295,
            304,
            309
        ]
    }
},
{
    "model": "students.studentcoursemapping",
    "pk": 13,
    "fields": {
        "student": 5,
        "course": 1,
        "rank": null,
        "options": [
            4,
            6,
            11,
            13,
            19,
            24,
            27,
            31,
            35,
            40,
            41,
            48,
            49,
            55,
            58,
            65,
            72,
            73,
            79,
            85,
            93,
            102,
            106,
            111,
            117,
            123,
            131,
            137,
            143,
            149,
            154
        ]
    }
},
{
    "model": "students.studentcoursemapping",
    "pk": 14,
    "fields": {
        "student": 5,
        "course": 2,
        "rank": null,
        "options": [
            159,
            163,
            167,
            168,
            175,
            179,
            183,
            185,
            191,
            192,
            197,
            201,
            206,
            211,
            214
        ]
    }
},
{
    "model": "students.studentcoursemapping",
    "pk": 15,
    "fields": {
        "student": 5,
        "course": 3,
        "rank": null,
        "options": [
            219,
            226,
            232,
            234,
            244,
            250,
            253,
            260,
            264,
            274,
            277,
            283,
            293,
            296,
            300,
            308
        ]
    }
},
{
    "model": "students.studentcoursemapping",
    "pk": 16,
    "fields": {
        "student": 6,
        "course": 1,
        "rank": null,
        "options": [
            1,
            8,
            11,
            16,
            18,
            21,
            27,
            30,
            35,
            37,
            44,
            45,
            52,
            54,
            58,
            61,
            68,
            76,
            83,
            85,
            91,
            98,
            105,
            112,
            118,
            121,
            128,
            138,
            142,
            147,
            154
        ]
    }
},
{
    "model": "students.studentcoursemapping",
    "pk": 17,
    "fields": {
        "student": 6,
        "course": 2,
        "rank": null,
        "options": [
            158,
            162,
            167,
            171,
            175,
            176,
            182,
            185,
            190,
            194,
            196,
            202,
            207,
            209,
            212
        ]
    }
},
{
    "model": "students.studentcoursemapping",
    "pk": 18,
    "fields": {
        "student": 6,
        "course": 3,
        "rank": null,
        "options": [
            218,
            227,
            229,
            237,
            243,
            246,
            254,
            263,
            267,
            271,
            278,
            287,
            291,
            295,
            300,
            309
        ]
    }
},
{
    "model": "students.studentcoursemapping",
    "pk": 19,
    "fields": {
        "student": 7,
        "course": 1,
        "rank": null,
        "options": [
            2,
            8,
            11,
            16,
            17,
            24,
            27,
            31,
            35,
            37,
            43,
            47,
            49,
            55,
            59,
            64,
            67,
            78,
            81,
            86,
            96,
            99,
            106,
            113,
            115,
            125,
            131,
            135,
            140,
            148,
            155
        ]
    }
},
{
    "model": "students.studentcoursemapping",
    "pk": 20,
    "fields": {
        "student": 7,
        "course": 2,
        "rank": null,
        "options": [
            159,
            161,
            167,
            170,
            173,
            178,
            180,
            184,
            191,
            194,
            199,
            203,
            205,
            208,
            214
        ]
    }
},
{
    "model": "students.studentcoursemapping",
    "pk": 21,
    "fields": {
        "student": 7,
        "course": 3,
        "rank": null,
        "options": [
            218,
            223,
            231,
            234,
            245,
            248,
            255,
            263,
            269,
            272,
            281,
            284,
            290,
            297,
            301,
            309
        ]
    }
},
{
    "model": "students.studentcoursemapping",
    "pk": 22,
    "fields": {
        "student": 8,
        "course": 1,
        "rank": null,
        "options": [
            2,
            5,
            10,
            15,
            17,
            24,
            25,
            32,
            35,
            37,
            43,
            46,
            49,
            55,
            59,
            61,
            67,
            74,
            82,
            90,
            95,
            101,
            105,
            111,
            117,
            123,
            130,
            134,
            140,
            150,
            154
        ]
    }
},
{
    "model": "students.studentcoursemapping",
    "pk": 23,
    "fields": {
        "student": 8,
        "course": 2,
        "rank": null,
        "options": [
            156,
            163,
            166,
            169,
            172,
            177,
            180,
            184,
            189,
            195,
            196,
            200,
            207,
            208,
            214
        ]
    }
},
{
    "model": "students.studentcoursemapping",
    "pk": 24,
    "fields": {
        "student": 8,
        "course": 3,
        "rank": null,
        "options": [
            219,
            227,
            231,
            234,
            241,
            247,
            256,
            262,
            268,
            272,
            277,
            283,
            293,
            295,
            301,
            310
        ]
    }
},
{
    "model": "students.studentcoursemapping",
    "pk": 25,
    "fields": {
        "student": 9,
        "course": 1,
        "rank": null,
        "options": [
            1,
            8,
            12,
            15,
            20,
            23,
            26,
            29,
            34,
            38,
            43,
            45,
            50,
            55,
            60,
            61,
            71,
            75,
            79,
            88,
            92,
            100,
            103,
            111,
            116,
            123,
            128,
            135,
            144,
            147,
            151
        ]
    }
},
{
    "model": "students.studentcoursemapping",
    "pk": 26,
    "fields": {
        "student": 9,
        "course": 2,
        "rank": null,
        "options": [
            158,
            160,
            166,
            168,
            173,
            178,
            182,
            185,
            190,
            195,
            196,
            203,
            204,
            210,
            214
        ]
    }
},
{
    "model": "students.studentcoursemapping",
    "pk": 27,
    "fields": {
        "student": 9,
        "course": 3,
        "rank": null,
        "options": [
            218,
            223,
            233,
            234,
            243,
            248,
            256,
            263,
            265,
            270,
            279,
            284,
            291,
            295,
            304,
            307
        ]
    }
},
{
    "model": "students.studentcoursemapping",
    "pk": 28,
    "fields": {
        "student": 10,
        "course": 1,
        "rank": null,
        "options": [
            2,
            7,
            11,
            13,
            19,
            22,
            25,
            31,
            35,
            37,
            41,
            48,
            49,
            54,
            58,
            61,
            70,
            75,
            80,
            86,
            91,
            98,
            108,
            110,
            119,
            125,
            127,
            135,
            143,
            148,
            152
        ]
    }
},
{
    "model": "students.studentcoursemapping",
    "pk": 29,
    "fields": {
        "student": 10,
        "course": 2,
        "rank": null,
        "options": [
            157,
            162,
            167,
            169,
            175,
            176,
            180,
            184,
            190,
            195,
            199,
            203,
            204,
            211,
            213
        ]
    }
},
{
    "model": "students.studentcoursemapping",
    "pk": 30,
    "fields": {
        "student": 10,
        "course": 3,
        "rank": null,
        "options": [
            218,
            227,
            230,
            236,
            241,
            249,
            252,
            262,
            267,
            272,
            278,
            286,
            290,
            299,
            300,
            306
        ]
    }
},
{
    "model": "students.studentcoursemapping",
    "pk": 31,
    "fields": {
        "student": 11,
        "course": 1,
        "rank": null,
        "options": [
            2,
            5,
            11,
            16,
            20,
            23,
            25,
            32,
            35,
            37,
            42,
            46,
            52,
            56,
            57,
            61,
            67,
            77,
            83,
            89,
            96,
            100,
            108,
            111,
            116,
            122,
            128,
            137,
            143,
            149,
            154
        ]
    }
},
{
    "model": "students.studentcoursemapping",
    "pk": 32,
    "fields": {
        "student": 11,
        "course": 2,
        "rank": null,
        "options": [
            157,
            160,
            164,
            168,
            174,
            177,
            181,
            186,
            191,
            193,
            196,
            200,
            206,
            209,
            215
        ]
    }
},
{
    "model": "students.studentcoursemapping",
    "pk": 33,
    "fields": {
        "student": 11,
        "course": 3,
        "rank": null,
        "options": [
            221,
            224,
            229,
            239,
            242,
            250,
            257,
            259,
            268,
            274,
            278,
            284,
            293,
            297,
            300,
            309
        ]
    }
},
{
    "model": "students.studentcoursemapping",
    "pk": 34,
    "fields": {
        "student": 12,
        "course": 1,
        "rank": null,
        "options": [
            3,
            7,
            9,
            16,
            20,
            24,
            25,
            30,
            34,
            38,
            41,
            48,
            51,
            53,
            58,
            65,
            72,
            73,
            82,
            90,
            95,
            100,
            106,
            112,
            116,
            123,
            130,
            133,
            141,
            147,
            154
        ]
    }
},
{
    "model": "students.studentcoursemapping",
    "pk": 35,
    "fields": {
        "student": 12,
        "course": 2,
        "rank": null,
        "options": [
            156,
            160,
            164,
            169,
            173,
            178,
            183,
            186,
            191,
            193,
            196,
            202,
            205,
            209,
            213
        ]
    }
},
{
    "model": "students.studentcoursemapping",
    "pk": 36,
    "fields": {
        "student": 12,
        "course": 3,
        "rank": null,
        "options": [
            221,
            226,
            230,
            234,
            243,
            247,
            255,
            259,
            264,
            275,
            277,
            283,
            288,
            299,
            303,
            306
        ]
    }
},
{
    "model": "students.studentcoursemapping",
    "pk": 37,
    "fields": {
        "student": 13,
        "course": 1,
        "rank": null,
        "options": [
            2,
            6,
            12,
            13,
            17,
            23,
            27,
            29,
            33,
            37,
            41,
            46,
            52,
            55,
            59,
            65,
            68,
            78,
            82,
            89,
            95,
            100,
            106,
            110,
            119,
            123,
            132,
            136,
            139,
            147,
            151
        ]
    }
},
{
    "model": "students.studentcoursemapping",
    "pk": 38,
    "fields": {
        "student": 13,
        "course": 2,
        "rank": null,
        "options": [
            156,
            162,
            165,
            169,
            175,
            178,
            183,
            186,
            191,
            194,
            196,
            200,
            205,
            210,
            212
        ]
    }
},
{
    "model": "students.studentcoursemapping",
    "pk": 39,
    "fields": {
        "student": 13,
        "course": 3,
        "rank": null,
        "options": [
            219,
            227,
            233,
            239,
            245,
            250,
            252,
            259,
            264,
            273,
            280,
            285,
            292,
            299,
            300,
            306
        ]
    }
},
{
    "model": "students.studentcoursemapping",
    "pk": 40,
    "fields": {
        "student": 14,
        "course": 1,
        "rank": null,
        "options": [
            4,
            8,
            11,
            16,
            19,
            21,
            26,
            29,
            33,
            40,
            43,
            47,
            49,
            54,
            59,
            63,
            72,
            75,
            81,
            86,
            91,
            100,
            107,
            113,
            119,
            125,
            130,
            133,
            143,
            145,
            152
        ]
    }
},
{
    "model": "students.studentcoursemapping",
    "pk": 41,
    "fields": {
        "student": 14,
        "course": 2,
        "rank": null,
        "options": [
            157,
            163,
            167,
            168,
            172,
            177,
            181,
            186,
            188,
            194,
            196,
            203,
            206,
            211,
            212
        ]
    }
},
{
    "model": "students.studentcoursemapping",
    "pk": 42,
    "fields": {
        "student": 14,
        "course": 3,
        "rank": null,
        "options": [
            217,
            222,
            230,
            238,
            240,
            251,
            252,
            261,
            265,
            270,
            279,
            283,
            288,
            297,
            303,
            306
        ]
    }
},
{
    "model": "students.studentcoursemapping",
    "pk": 43,
    "fields": {
        "student": 15,
        "course": 1,
        "rank": null,
        "options": [
            2,
            6,
            9,
            15,
            17,
            24,
            26,
            32,
            36,
            39,
            44,
            47,
            52,
            54,
            58,
            62,
            70,
            75,
            84,
            86,
            91,
            98,
            105,
            112,
            115,
            122,
            131,
            133,
            144,
            148,
            153
        ]
    }
},
{
    "model": "students.studentcoursemapping",
    "pk": 44,
    "fields": {
        "student": 15,
        "course": 2,
        "rank": null,
        "options": [
            158,
            160,
            167,
            170,
            174,
            177,
            182,
            186,
            188,
            193,
            199,
            200,
            207,
            210,
            212
        ]
    }
},
{
    "model": "students.studentcoursemapping",
    "pk": 45,
    "fields": {
        "student": 15,
        "course": 3,
        "rank": null,
        "options": [
            218,
            222,
            229,
            239,
            244,
            249,
            256,
            260,
            269,
            273,
            278,
            287,
            289,
            294,
            304,
            310
        ]
    }
},
{
    "model": "students.studentcoursemapping",
    "pk": 46,
    "fields": {
        "student": 16,
        "course": 1,
        "rank": null,
        "options": [
            4,
            5,
            10,
            14,
            20,
            22,
            26,
            30,
            35,
            37,
            41,
            46,
            52,
            56,
            57,
            66,
            70,
            74,
            81,
            86,
            96,
            101,
            104,
            111,
            115,
            126,
            129,
            137,
            142,
            147,
            153
        ]
    }
},
{
    "model": "students.studentcoursemapping",
    "pk": 47,
    "fields": {
        "student": 16,
        "course": 2,
        "rank": null,
        "options": [
            157,
            160,
            167,
            168,
            175,
            179,
            180,
            187,
            191,
            194,
            199,
            203,
            204,
            209,
            214
        ]
    }
},
{
    "model": "students.studentcoursemapping",
    "pk": 48,
    "fields": {
        "student": 16,
        "course": 3,
        "rank": null,
        "options": [
            217,
            223,
            231,
            235,
            243,
            248,
            253,
            258,
            266,
            272,
            277,
            283,
            291,
            299,
            304,
            308
        ]
    }
},
{
    "model": "students.studentcoursemapping",
    "pk": 49,
    "fields": {
        "student": 17,
        "course": 1,
        "rank": null,
        "options": [
            2,
            6,
            12,
            15,
            17,
            23,
            26,
            29,
            33,
            37,
            44,
            45,
            51,
            54,
            58,
            65,
            72,
            73,
            84,
            85,
            96,
            98,
            106,
            112,
            116,
            123,
            127,
            134,
            141,
            150,
            155
        ]
    }
},
{
    "model": "students.studentcoursemapping",
    "pk": 50,
    "fields": {
        "student": 17,
        "course": 2,
        "rank": null,
        "options": [
            156,
            162,
            166,
            171,
            173,
            178,
            180,
            186,
            190,
            193,
            196,
            200,
            204,
            209,
            213
        ]
    }
},
{
    "model": "students.studentcoursemapping",
    "pk": 51,
    "fields": {
        "student": 17,
        "course": 3,
        "rank": null,
        "options": [
            220,
            224,
            232,
            239,
            242,
            249,
            255,
            259,
            269,
            274,
            280,
            285,
            292,
            294,
            305,
            307
        ]
    }
},
{
    "model": "students.studentcoursemapping",
    "pk": 52,
    "fields": {
        "student": 18,
        "course": 1,
        "rank": null,
        "options": [
            4,
            6,
            10,
            15,
            18,
            21,
            28,
            29,
            35,
            40,
            42,
            45,
            49,
            53,
            59,
            66,
            70,
            75,
            81,
            86,
            94,
            98,
            106,
            111,
            116,
            123,
            131,
            138,
            141,
            147,
            154
        ]
    }
},
{
    "model": "students.studentcoursemapping",
    "pk": 53,
    "fields": {
        "student": 18,
        "course": 2,
        "rank": null,
        "options": [
            158,
            160,
            164,
            168,
            175,
            178,
            183,
            185,
            189,
            194,
            196,
            200,
            205,
            208,
            214
        ]
    }
},
{
    "model": "students.studentcoursemapping",
    "pk": 54,
    "fields": {
        "student": 18,
        "course": 3,
        "rank": null,
        "options": [
            219,
            225,
            231,
            238,
            241,
            249,
            253,
            263,
            264,
            271,
            280,
            286,
            289,
            297,
            305,
            309
        ]
    }
},
{
    "model": "students.studentcoursemapping",
    "pk": 55,
    "fields": {
        "student": 19,
        "course": 1,
        "rank": null,
        "options": [
            1,
            5,
            9,
            13,
            18,
            21,
            27,
            32,
            33,
            38,
            42,
            48,
            50,
            53,
            57,
            62,
            71,
            75,
            79,
            87,
            91,
            101,
            107,
            110,
            117,
            123,
            130,
            136,
            139,
            145,
            151
        ]
    }
},
{
    "model": "students.studentcoursemapping",
    "pk": 56,
    "fields": {
        "student": 19,
        "course": 2,
        "rank": null,
        "options": [
            156,
            161,
            167,
            171,
            175,
            179,
            183,
            186,
            191,
            194,
            197,
            200,
            207,
            208,
            214
        ]
    }
},
{
    "model": "students.studentcoursemapping",
    "pk": 57,
    "fields": {
        "student": 19,
        "course": 3,
        "rank": null,
        "options": [
            221,
            222,
            231,
            239,
            243,
            250,
            256,
            263,
            267,
            274,
            278,
            285,
            291,
            299,
            304,
            308
        ]
    }
},
{
    "model": "students.studentcoursemapping",
    "pk": 58,
    "fields": {
        "student": 20,
        "course": 1,
        "rank": null,
        "options": [
            2,
            5,
            11,
            14,
            17,
            23,
            26,
            31,
            34,
            38,
            42,
            48,
            50,
            56,
            58,
            64,
            69,
            73,
            82,
            90,
            91,
            97,
            105,
            109,
            119,
            126,
            128,
            133,
            140,
            148,
            152
        ]
    }
},
{
    "model": "students.studentcoursemapping",
    "pk": 59,
    "fields": {
        "student": 20,
        "course": 2,
        "rank": null,
        "options": [
            159,
            163,
            165,
            171,
            175,
            176,
            182,
            187,
            190,
            194,
            197,
            202,
            207,
            211,
            213
        ]
    }
},
{
    "model": "students.studentcoursemapping",
    "pk": 60,
    "fields": {
        "student": 20,
        "course": 3,
        "rank": null,
        "options": [
            219,
            227,
            229,
            234,
            245,
            249,
            254,
            260,
            269,
            271,
            276,
            283,
            288,
            298,
            305,
            308
        ]
    }
},
{
    "model": "students.studentcoursemapping",
    "pk": 61,
    "fields": {
        "student": 21,
        "course": 1,
        "rank": null,
        "options": [
            2,
            8,
            10,
            16,
            17,
            23,
            28,
            32,
            35,
            39,
            43,
            45,
            52,
            53,
            60,
            62,
            67,
            77,
            83,
            88,
            95,
            98,
            104,
            112,
            115,
            126,
            131,
            137,
            140,
            146,
            151
        ]
    }
},
{
    "model": "students.studentcoursemapping",
    "pk": 62,
    "fields": {
        "student": 21,
        "course": 2,
        "rank": null,
        "options": [
            156,
            163,
            164,
            169,
            175,
            177,
            182,
            186,
            191,
            192,
            198,
            202,
            204,
            208,
            212
        ]
    }
},
{
    "model": "students.studentcoursemapping",
    "pk": 63,
    "fields": {
        "student": 21,
        "course": 3,
        "rank": null,
        "options": [
            220,
            223,
            232,
            235,
            244,
            250,
            256,
            263,
            266,
            272,
            281,
            287,
            290,
            295,
            304,
            310
        ]
    }
},
{
    "model": "students.studentcoursemapping",
    "pk": 64,
    "fields": {
        "student": 22,
        "course": 1,
        "rank": null,
        "options": [
            1,
            5,
            12,
            16,
            17,
            23,
            26,
            31,
            33,
            39,
            42,
            45,
            52,
            56,
            59,
            62,
            72,
            77,
            80,
            90,
            92,
            99,
            104,
            111,
            115,
            125,
            131,
            135,
            139,
            148,
            154
        ]
    }
},
{
    "model": "students.studentcoursemapping",
    "pk": 65,
    "fields": {
        "student": 22,
        "course": 2,
        "rank": null,
        "options": [
            156,
            160,
            164,
            169,
            172,
            177,
            182,
            185,
            189,
            194,
            198,
            200,
            206,
            208,
            215
        ]
    }
},
{
    "model": "students.studentcoursemapping",
    "pk": 66,
    "fields": {
        "student": 22,
        "course": 3,
        "rank": null,
        "options": [
            216,
            223,
            228,
            238,
            244,
            247,
            257,
            260,
            268,
            274,
            278,
            286,
            293,
            297,
            300,
            309
        ]
    }
},
{
    "model": "students.studentcoursemapping",
    "pk": 67,
    "fields": {
        "student": 23,
        "course": 1,
        "rank": null,
        "options": [
            4,
            6,
            9,
            16,
            18,
            22,
            25,
            29,
            35,
            40,
            44,
            47,
            49,
            56,
            58,
            66,
            67,
            76,
            83,
            87,
            93,
            98,
            108,
            113,
            117,
            124,
            128,
            138,
            144,
            147,
            154
        ]
    }
},
{
    "model": "students.studentcoursemapping",
    "pk": 68,
    "fields": {
        "student": 23,
        "course": 2,
        "rank": null,
        "options": [
            156,
            163,
            167,
            169,
            172,
            179,
            182,
            186,
            190,
            192,
            199,
            200,
            206,
            210,
            213
        ]
    }
},
{
    "model": "students.studentcoursemapping",
    "pk": 69,
    "fields": {
        "student": 23,
        "course": 3,
        "rank": null,
        "options": [
            218,
            223,
            232,
            234,
            240,
            247,
            257,
            262,
            269,
            273,
            279,
            286,
            292,
            296,
            301,
            306
        ]
    }
},
{
    "model": "students.studentcoursemapping",
    "pk": 70,
    "fields": {
        "student": 24,
        "course": 1,
        "rank": null,
        "options": [
            2,
            5,
            9,
            15,
            20,
            23,
            25,
            29,
            36,
            39,
            41,
            48,
            49,
            55,
            58,
            62,
            68,
            74,
            82,
            89,
            94,
            100,
            105,
            112,
            115,
            123,
            130,
            137,
            143,
            148,
            153
        ]
    }
},
{
    "model": "students.studentcoursemapping",
    "pk": 71,
    "fields": {
        "student": 24,
        "course": 2,
        "rank": null,
        "options": [
            159,
            163,
            166,
            168,
            174,
            179,
            180,
            184,
            188,
            192,
            198,
            200,
            205,
            208,
            213
        ]
    }
},
{
    "model": "students.studentcoursemapping",
    "pk": 72,
    "fields": {
        "student": 24,
        "course": 3,
        "rank": null,
        "options": [
            221,
            226,
            228,
            239,
            244,
            249,
            252,
            263,
            266,
            271,
            279,
            282,
            292,
            296,
            304,
            306
        ]
    }
},
{
    "model": "students.studentcoursemapping",
    "pk": 73,
    "fields": {
        "student": 25,
        "course": 1,
        "rank": null,
        "options": [
            3,
            5,
            11,
            14,
            20,
            21,
            26,
            29,
            36,
            38,
            43,
            48,
            50,
            56,
            59,
            64,
            71,
            77,
            82,
            90,
            95,
            97,
            107,
            112,
            120,
            121,
            129,
            134,
            139,
            146,
            153
        ]
    }
},
{
    "model": "students.studentcoursemapping",
    "pk": 74,
    "fields": {
        "student": 25,
        "course": 2,
        "rank": null,
        "options": [
            158,
            160,
            164,
            170,
            172,
            179,
            182,
            184,
            191,
            195,
            196,
            201,
            204,
            209,
            212
        ]
    }
},
{
    "model": "students.studentcoursemapping",
    "pk": 75,
    "fields": {
        "student": 25,
        "course": 3,
        "rank": null,
        "options": [
            218,
            223,
            230,
            234,
            244,
            247,
            253,
            258,
            264,
            273,
            278,
            284,
            293,
            298,
            301,
            310
        ]
    }
},
{
    "model": "students.studentcoursemapping",
    "pk": 76,
    "fields": {
        "student": 26,
        "course": 1,
        "rank": null,
        "options": [
            3,
            6,
            11,
            15,
            18,
            21,
            27,
            30,
            35,
            39,
            42,
            45,
            51,
            54,
            59,
            61,
            70,
            73,
            79,
            90,
            91,
            102,
            107,
            110,
            115,
            125,
            127,
            135,
            143,
            147,
            152
        ]
    }
},
{
    "model": "students.studentcoursemapping",
    "pk": 77,
    "fields": {
        "student": 26,
        "course": 2,
        "rank": null,
        "options": [
            157,
            163,
            164,
            169,
            175,
            178,
            182,
            185,
            188,
            192,
            199,
            200,
            205,
            210,
            212
        ]
    }
},
{
    "model": "students.studentcoursemapping",
    "pk": 78,
    "fields": {
        "student": 26,
        "course": 3,
        "rank": null,
        "options": [
            219,
            225,
            233,
            234,
            240,
            247,
            256,
            259,
            268,
            272,
            276,
            287,
            291,
            294,
            305,
            307
        ]
    }
},
{
    "model": "students.studentcoursemapping",
    "pk": 79,
    "fields": {
        "student": 27,
        "course": 1,
        "rank": null,
        "options": [
            1,
            5,
            9,
            15,
            18,
            23,
            27,
            31,
            33,
            38,
            41,
            48,
            49,
            55,
            57,
            63,
            70,
            77,
            79,
            85,
            91,
            97,
            107,
            113,
            117,
            126,
            128,
            136,
            144,
            146,
            154
        ]
    }
},
{
    "model": "students.studentcoursemapping",
    "pk": 80,
    "fields": {
        "student": 27,
        "course": 2,
        "rank": null,
        "options": [
            157,
            162,
            164,
            168,
            174,
            177,
            181,
            186,
            190,
            194,
            197,
            202,
            205,
            209,
            215
        ]
    }
},
{
    "model": "students.studentcoursemapping",
    "pk": 81,
    "fields": {
        "student": 27,
        "course": 3,
        "rank": null,
        "options": [
            220,
            224,
            230,
            239,
            240,
            246,
            256,
            259,
            265,
            270,
            277,
            284,
            289,
            299,
            304,
            309
        ]
    }
},
{
    "model": "students.studentcoursemapping",
    "pk": 82,
    "fields": {
        "student": 28,
        "course": 1,
        "rank": null,
        "options": [
            4,
            7,
            10,
            14,
            18,
            24,
            25,
            30,
            33,
            38,
            42,
            46,
            52,
            56,
            60,
            63,
            71,
            75,
            81,
            87,
            93,
            100,
            107,
            113,
            119,
            122,
            127,
            138,
            139,
            147,
            154
        ]
    }
},
{
    "model": "students.studentcoursemapping",
    "pk": 83,
    "fields": {
        "student": 28,
        "course": 2,
        "rank": null,
        "options": [
            159,
            162,
            164,
            170,
            175,
            178,
            182,
            185,
            189,
            192,
            199,
            203,
            205,
            209,
            214
        ]
    }
},
{
    "model": "students.studentcoursemapping",
    "pk": 84,
    "fields": {
        "student": 28,
        "course": 3,
        "rank": null,
        "options": [
            221,
            222,
            232,
            237,
            244,
            246,
            255,
            259,
            267,
            271,
            276,
            285,
            289,
            296,
            305,
            306
        ]
    }
},
{
    "model": "students.studentcoursemapping",
    "pk": 85,
    "fields": {
        "student": 29,
        "course": 1,
        "rank": null,
        "options": [
            4,
            7,
            10,
            14,
            20,
            22,
            28,
            30,
            34,
            40,
            42,
            47,
            51,
            54,
            60,
            62,
            69,
            78,
            82,
            88,
            91,
            100,
            106,
            111,
            117,
            123,
            128,
            136,
            140,
            147,
            153
        ]
    }
},
{
    "model": "students.studentcoursemapping",
    "pk": 86,
    "fields": {
        "student": 29,
        "course": 2,
        "rank": null,
        "options": [
            157,
            163,
            164,
            171,
            174,
            176,
            181,
            185,
            189,
            195,
            196,
            202,
            206,
            208,
            213
        ]
    }
},
{
    "model": "students.studentcoursemapping",
    "pk": 87,
    "fields": {
        "student": 29,
        "course": 3,
        "rank": null,
        "options": [
            220,
            223,
            232,
            238,
            244,
            248,
            256,
            259,
            264,
            275,
            279,
            284,
            289,
            296,
            301,
            309
        ]
    }
},
{
    "model": "students.studentcoursemapping",
    "pk": 88,
    "fields": {
        "student": 30,
        "course": 1,
        "rank": null,
        "options": [
            3,
            8,
            11,
            15,
            18,
            23,
            27,
            29,
            35,
            37,
            42,
            47,
            52,
            56,
            59,
            64,
            68,
            73,
            83,
            87,
            93,
            99,
            107,
            109,
            117,
            121,
            132,
            133,
            144,
            147,
            155
        ]
    }
},
{
    "model": "students.studentcoursemapping",
    "pk": 89,
    "fields": {
        "student": 30,
        "course": 2,
        "rank": null,
        "options": [
            158,
            161,
            167,
            168,
            173,
            176,
            180,
            187,
            188,
            193,
            197,
            200,
            205,
            208,
            212
        ]
    }
},
{
    "model": "students.studentcoursemapping",
    "pk": 90,
    "fields": {
        "student": 30,
        "course": 3,
        "rank": null,
        "options": [
            217,
            224,
            228,
            237,
            240,
            251,
            256,
            261,
            269,
            270,
            280,
            284,
            291,
            299,
            302,
            306
        ]
    }
},
{
    "model": "students.studentcoursemapping",
    "pk": 91,
    "fields": {
        "student": 31,
        "course": 1,
        "rank": null,
        "options": [
            3,
            5,
            9,
            16,
            19,
            24,
            26,
            29,
            35,
            39,
            42,
            47,
            49,
            54,
            60,
            64,
            72,
            76,
            84,
            85,
            91,
            98,
            105,
            114,
            118,
            122,
            132,
            133,
            143,
            148,
            152
        ]
    }
},
{
    "model": "students.studentcoursemapping",
    "pk": 92,
    "fields": {
        "student": 31,
        "course": 2,
        "rank": null,
        "options": [
            158,
            160,
            165,
            171,
            174,
            176,
            180,
            185,
            190,
            192,
            197,
            202,
            204,
            211,
            214
        ]
    }
},
{
    "model": "students.studentcoursemapping",
    "pk": 93,
    "fields": {
        "student": 31,
        "course": 3,
        "rank": null,
        "options": [
            218,
            226,
            230,
            239,
            245,
            249,
            254,
            261,
            269,
            270,
            281,
            284,
            290,
            297,
            301,
            306
        ]
    }
},
{
    "model": "students.studentcoursemapping",
    "pk": 94,
    "fields": {
        "student": 32,
        "course": 1,
        "rank": null,
        "options": [
            3,
            7,
            9,
            16,
            18,
            23,
            26,
            31,
            36,
            39,
            42,
            47,
            52,
            54,
            57,
            63,
            71,
            73,
            79,
            86,
            95,
            98,
            105,
            109,
            116,
            123,
            131,
            136,
            140,
            149,
            154
        ]
    }
},
{
    "model": "students.studentcoursemapping",
    "pk": 95,
    "fields": {
        "student": 32,
        "course": 2,
        "rank": null,
        "options": [
            159,
            161,
            166,
            169,
            172,
            179,
            180,
            185,
            190,
            193,
            198,
            202,
            207,
            208,
            213
        ]
    }
},
{
    "model": "students.studentcoursemapping",
    "pk": 96,
    "fields": {
        "student": 32,
        "course": 3,
        "rank": null,
        "options": [
            221,
            224,
            232,
            238,
            240,
            247,
            252,
            259,
            267,
            271,
            280,
            287,
            292,
            299,
            304,
            309
        ]
    }
},
{
    "model": "students.studentcoursemapping",
    "pk": 97,
    "fields": {
        "student": 33,
        "course": 1,
        "rank": null,
        "options": [
            4,
            5,
            11,
            14,
            20,
            21,
            26,
            31,
            33,
            37,
            41,
            48,
            51,
            56,
            57,
            66,
            71,
            76,
            79,
            88,
            91,
            102,
            103,
            109,
            115,
            121,
            131,
            136,
            142,
            149,
            151
        ]
    }
},
{
    "model": "students.studentcoursemapping",
    "pk": 98,
    "fields": {
        "student": 33,
        "course": 2,
        "rank": null,
        "options": [
            157,
            163,
            164,
            168,
            175,
            178,
            181,
            187,
            191,
            193,
            197,
            203,
            207,
            209,
            212
        ]
    }
},
{
    "model": "students.studentcoursemapping",
    "pk": 99,
    "fields": {
        "student": 33,
        "course": 3,
        "rank": null,
        "options": [
            220,
            226,
            230,
            237,
            240,
            248,
            252,
            262,
            269,
            275,
            277,
            286,
            293,
            299,
            304,
            307
        ]
    }
},
{
    "model": "students.studentcoursemapping",
    "pk": 100,
    "fields": {
        "student": 34,
        "course": 1,
        "rank": null,
        "options": [
            2,
            6,
            10,
            16,
            18,
            21,
            28,
            32,
            33,
            40,
            43,
            45,
            51,
            55,
            58,
            65,
            68,
            73,
            84,
            87,
            92,
            98,
            104,
            114,
            115,
            124,
            128,
            135,
            144,
            148,
            154
        ]
    }
},
{
    "model": "students.studentcoursemapping",
    "pk": 101,
    "fields": {
        "student": 34,
        "course": 2,
        "rank": null,
        "options": [
            158,
            162,
            166,
            171,
            173,
            176,
            183,
            186,
            188,
            194,
            198,
            201,
            206,
            210,
            215
        ]
    }
},
{
    "model": "students.studentcoursemapping",
    "pk": 102,
    "fields": {
        "student": 34,
        "course": 3,
        "rank": null,
        "options": [
            220,
            223,
            232,
            237,
            241,
            249,
            253,
            262,
            267,
            272,
            276,
            283,
            289,
            296,
            303,
            309
        ]
    }
},
{
    "model": "students.studentcoursemapping",
    "pk": 103,
    "fields": {
        "student": 35,
        "course": 1,
        "rank": null,
        "options": [
            4,
            7,
            12,
            15,
            17,
            24,
            26,
            31,
            36,
            39,
            43,
            46,
            52,
            54,
            59,
            62,
            68,
            73,
            84,
            88,
            94,
            101,
            104,
            111,
            116,
            122,
            129,
            136,
            142,
            146,
            151
        ]
    }
},
{
    "model": "students.studentcoursemapping",
    "pk": 104,
    "fields": {
        "student": 35,
        "course": 2,
        "rank": null,
        "options": [
            156,
            160,
            165,
            170,
            175,
            177,
            183,
            184,
            190,
            195,
            197,
            200,
            207,
            209,
            215
        ]
    }
},
{
    "model": "students.studentcoursemapping",
    "pk": 105,
    "fields": {
        "student": 35,
        "course": 3,
        "rank": null,
        "options": [
            221,
            224,
            233,
            236,
            244,
            251,
            256,
            260,
            269,
            274,
            279,
            286,
            293,
            295,
            300,
            306
        ]
    }
},
{
    "model": "students.studentcoursemapping",
    "pk": 106,
    "fields": {
        "student": 36,
        "course": 1,
        "rank": null,
        "options": [
            4,
            6,
            11,
            16,
            18,
            22,
            26,
            29,
            35,
            39,
            42,
            48,
            52,
            56,
            57,
            61,
            67,
            73,
            81,
            89,
            95,
            97,
            106,
            114,
            120,
            123,
            130,
            135,
            141,
            150,
            154
        ]
    }
},
{
    "model": "students.studentcoursemapping",
    "pk": 107,
    "fields": {
        "student": 36,
        "course": 2,
        "rank": null,
        "options": [
            158,
            163,
            166,
            170,
            175,
            178,
            180,
            186,
            190,
            195,
            197,
            200,
            204,
            208,
            214
        ]
    }
},
{
    "model": "students.studentcoursemapping",
    "pk": 108,
    "fields": {
        "student": 36,
        "course": 3,
        "rank": null,
        "options": [
            221,
            226,
            229,
            235,
            244,
            247,
            257,
            259,
            264,
            274,
            277,
            286,
            289,
            299,
            301,
            306
        ]
    }
},
{
    "model": "students.professorcoursemapping",
    "pk": 1,
    "fields": {
        "professor": 38,
        "course": 1,
        "config": 1
    }
},
{
    "model": "students.professorcoursemapping",
    "pk": 2,
    "fields": {
        "professor": 38,
        "course": 2,
        "config": 2
    }
},
{
    "model": "students.professorcoursemapping",
    "pk": 3,
    "fields": {
        "professor": 37,
        "course": 3,
        "config": 3
    }
},
{
    "model": "auth.permission",
    "pk": 1,
    "fields": {
        "name": "Can add log entry",
        "content_type": 1,
        "codename": "add_logentry"
    }
},
{
    "model": "auth.permission",
    "pk": 2,
    "fields": {
        "name": "Can change log entry",
        "content_type": 1,
        "codename": "change_logentry"
    }
},
{
    "model": "auth.permission",
    "pk": 3,
    "fields": {
        "name": "Can delete log entry",
        "content_type": 1,
        "codename": "delete_logentry"
    }
},
{
    "model": "auth.permission",
    "pk": 4,
    "fields": {
        "name": "Can add group",
        "content_type": 2,
        "codename": "add_group"
    }
},
{
    "model": "auth.permission",
    "pk": 5,
    "fields": {
        "name": "Can change group",
        "content_type": 2,
        "codename": "change_group"
    }
},
{
    "model": "auth.permission",
    "pk": 6,
    "fields": {
        "name": "Can delete group",
        "content_type": 2,
        "codename": "delete_group"
    }
},
{
    "model": "auth.permission",
    "pk": 7,
    "fields": {
        "name": "Can add permission",
        "content_type": 3,
        "codename": "add_permission"
    }
},
{
    "model": "auth.permission",
    "pk": 8,
    "fields": {
        "name": "Can change permission",
        "content_type": 3,
        "codename": "change_permission"
    }
},
{
    "model": "auth.permission",
    "pk": 9,
    "fields": {
        "name": "Can delete permission",
        "content_type": 3,
        "codename": "delete_permission"
    }
},
{
    "model": "auth.permission",
    "pk": 10,
    "fields": {
        "name": "Can add user",
        "content_type": 4,
        "codename": "add_user"
    }
},
{
    "model": "auth.permission",
    "pk": 11,
    "fields": {
        "name": "Can change user",
        "content_type": 4,
        "codename": "change_user"
    }
},
{
    "model": "auth.permission",
    "pk": 12,
    "fields": {
        "name": "Can delete user",
        "content_type": 4,
        "codename": "delete_user"
    }
},
{
    "model": "auth.permission",
    "pk": 13,
    "fields": {
        "name": "Can add content type",
        "content_type": 5,
        "codename": "add_contenttype"
    }
},
{
    "model": "auth.permission",
    "pk": 14,
    "fields": {
        "name": "Can change content type",
        "content_type": 5,
        "codename": "change_contenttype"
    }
},
{
    "model": "auth.permission",
    "pk": 15,
    "fields": {
        "name": "Can delete content type",
        "content_type": 5,
        "codename": "delete_contenttype"
    }
},
{
    "model": "auth.permission",
    "pk": 16,
    "fields": {
        "name": "Can add session",
        "content_type": 6,
        "codename": "add_session"
    }
},
{
    "model": "auth.permission",
    "pk": 17,
    "fields": {
        "name": "Can change session",
        "content_type": 6,
        "codename": "change_session"
    }
},
{
    "model": "auth.permission",
    "pk": 18,
    "fields": {
        "name": "Can delete session",
        "content_type": 6,
        "codename": "delete_session"
    }
},
{
    "model": "auth.permission",
    "pk": 19,
    "fields": {
        "name": "Can add course",
        "content_type": 7,
        "codename": "add_course"
    }
},
{
    "model": "auth.permission",
    "pk": 20,
    "fields": {
        "name": "Can change course",
        "content_type": 7,
        "codename": "change_course"
    }
},
{
    "model": "auth.permission",
    "pk": 21,
    "fields": {
        "name": "Can delete course",
        "content_type": 7,
        "codename": "delete_course"
    }
},
{
    "model": "auth.permission",
    "pk": 22,
    "fields": {
        "name": "Can add professor course mapping",
        "content_type": 8,
        "codename": "add_professorcoursemapping"
    }
},
{
    "model": "auth.permission",
    "pk": 23,
    "fields": {
        "name": "Can change professor course mapping",
        "content_type": 8,
        "codename": "change_professorcoursemapping"
    }
},
{
    "model": "auth.permission",
    "pk": 24,
    "fields": {
        "name": "Can delete professor course mapping",
        "content_type": 8,
        "codename": "delete_professorcoursemapping"
    }
},
{
    "model": "auth.permission",
    "pk": 25,
    "fields": {
        "name": "Can add student course mapping",
        "content_type": 9,
        "codename": "add_studentcoursemapping"
    }
},
{
    "model": "auth.permission",
    "pk": 26,
    "fields": {
        "name": "Can change student course mapping",
        "content_type": 9,
        "codename": "change_studentcoursemapping"
    }
},
{
    "model": "auth.permission",
    "pk": 27,
    "fields": {
        "name": "Can delete student course mapping",
        "content_type": 9,
        "codename": "delete_studentcoursemapping"
    }
},
{
    "model": "auth.permission",
    "pk": 28,
    "fields": {
        "name": "Can add site user",
        "content_type": 10,
        "codename": "add_siteuser"
    }
},
{
    "model": "auth.permission",
    "pk": 29,
    "fields": {
        "name": "Can change site user",
        "content_type": 10,
        "codename": "change_siteuser"
    }
},
{
    "model": "auth.permission",
    "pk": 30,
    "fields": {
        "name": "Can delete site user",
        "content_type": 10,
        "codename": "delete_siteuser"
    }
},
{
    "model": "auth.permission",
    "pk": 31,
    "fields": {
        "name": "Can add question",
        "content_type": 11,
        "codename": "add_question"
    }
},
{
    "model": "auth.permission",
    "pk": 32,
    "fields": {
        "name": "Can change question",
        "content_type": 11,
        "codename": "change_question"
    }
},
{
    "model": "auth.permission",
    "pk": 33,
    "fields": {
        "name": "Can delete question",
        "content_type": 11,
        "codename": "delete_question"
    }
},
{
    "model": "auth.permission",
    "pk": 34,
    "fields": {
        "name": "Can add option",
        "content_type": 12,
        "codename": "add_option"
    }
},
{
    "model": "auth.permission",
    "pk": 35,
    "fields": {
        "name": "Can change option",
        "content_type": 12,
        "codename": "change_option"
    }
},
{
    "model": "auth.permission",
    "pk": 36,
    "fields": {
        "name": "Can delete option",
        "content_type": 12,
        "codename": "delete_option"
    }
},
{
    "model": "auth.permission",
    "pk": 37,
    "fields": {
        "name": "Can add config",
        "content_type": 13,
        "codename": "add_config"
    }
},
{
    "model": "auth.permission",
    "pk": 38,
    "fields": {
        "name": "Can change config",
        "content_type": 13,
        "codename": "change_config"
    }
},
{
    "model": "auth.permission",
    "pk": 39,
    "fields": {
        "name": "Can delete config",
        "content_type": 13,
        "codename": "delete_config"
    }
},
{
    "model": "auth.user",
    "pk": 1,
    "fields": {
        "password": "pbkdf2_sha256$30000$2E1iOVCtalR8$xcN3yT6c0APi+UENw0Kn3l8UrSeMMbtpXN4TCgB7gw4=",
        "last_login": null,
        "is_superuser": false,
        "username": "mcaine",
        "first_name": "",
        "last_name": "",
        "email": "mcaine@cpp.edu",
        "is_staff": false,
        "is_active": true,
        "date_joined": "2016-11-23T22:48:29Z",
        "groups": [],
        "user_permissions": []
    }
},
{
    "model": "auth.user",
    "pk": 2,
    "fields": {
        "password": "pbkdf2_sha256$30000$0dqTFepMvS4P$r3qM1L011KkbtDZs6tA1Ghsai+rnfYE1X8KEzLmT4zA=",
        "last_login": null,
        "is_superuser": false,
        "username": "tswinton",
        "first_name": "",
        "last_name": "",
        "email": "tswinton@cpp.edu",
        "is_staff": false,
        "is_active": true,
        "date_joined": "2016-11-23T22:48:29Z",
        "groups": [],
        "user_permissions": []
    }
},
{
    "model": "auth.user",
    "pk": 3,
    "fields": {
        "password": "pbkdf2_sha256$30000$AcRnOwNTpLDU$2dXtXuvFGpsX0mDcP/3h6/DLeANgTXnE0ydrFFL6c9Q=",
        "last_login": null,
        "is_superuser": false,
        "username": "zzhang",
        "first_name": "",
        "last_name": "",
        "email": "zzhang@cpp.edu",
        "is_staff": false,
        "is_active": true,
        "date_joined": "2016-11-23T22:48:30Z",
        "groups": [],
        "user_permissions": []
    }
},
{
    "model": "auth.user",
    "pk": 4,
    "fields": {
        "password": "pbkdf2_sha256$30000$AfQpSYfDmkDY$9kL770z3iThjvjArso/60U4BYKibydToi/cMkJRLbrA=",
        "last_login": null,
        "is_superuser": false,
        "username": "kkhabenskiy",
        "first_name": "",
        "last_name": "",
        "email": "kkhabenskiy@cpp.edu",
        "is_staff": false,
        "is_active": true,
        "date_joined": "2016-11-23T22:48:30Z",
        "groups": [],
        "user_permissions": []
    }
},
{
    "model": "auth.user",
    "pk": 5,
    "fields": {
        "password": "pbkdf2_sha256$30000$8bPg7YekWdmf$ftqctKiLtmkpVEUcTaUzVxRQaWfq/frmQyPC4dBCEgc=",
        "last_login": null,
        "is_superuser": false,
        "username": "sskarsgard",
        "first_name": "",
        "last_name": "",
        "email": "sskarsgard@cpp.edu",
        "is_staff": false,
        "is_active": true,
        "date_joined": "2016-11-23T22:48:30Z",
        "groups": [],
        "user_permissions": []
    }
},
{
    "model": "auth.user",
    "pk": 6,
    "fields": {
        "password": "pbkdf2_sha256$30000$vgkFfOpIwfzl$kiy5Ggd4KwqRK/cn0K2Tnscm+BFHBICNljhcdRNKFvk=",
        "last_login": null,
        "is_superuser": false,
        "username": "lolin",
        "first_name": "",
        "last_name": "",
        "email": "lolin@cpp.edu",
        "is_staff": false,
        "is_active": true,
        "date_joined": "2016-11-23T22:48:30Z",
        "groups": [],
        "user_permissions": []
    }
},
{
    "model": "auth.user",
    "pk": 7,
    "fields": {
        "password": "pbkdf2_sha256$30000$5Md58ciuzUC5$Vmu+xIax4eLYEV3gm79Sl+tw43UaQW60qEedJkKjKk0=",
        "last_login": null,
        "is_superuser": false,
        "username": "lvelez",
        "first_name": "",
        "last_name": "",
        "email": "lvelez@cpp.edu",
        "is_staff": false,
        "is_active": true,
        "date_joined": "2016-11-23T22:48:30Z",
        "groups": [],
        "user_permissions": []
    }
},
{
    "model": "auth.user",
    "pk": 8,
    "fields": {
        "password": "pbkdf2_sha256$30000$lvFyyhcmPbg2$DqH7h8jTxEgnpFrjwHJesC7bVKZP5263u1yeooWruek=",
        "last_login": null,
        "is_superuser": false,
        "username": "mfelix",
        "first_name": "",
        "last_name": "",
        "email": "mfelix@cpp.edu",
        "is_staff": false,
        "is_active": true,
        "date_joined": "2016-11-23T22:48:31Z",
        "groups": [],
        "user_permissions": []
    }
},
{
    "model": "auth.user",
    "pk": 9,
    "fields": {
        "password": "pbkdf2_sha256$30000$7UzE65oGdGDb$uNGb7ZSmcaohiw8CO13kKyngvUxT+gaEIKbL2dOLbBU=",
        "last_login": null,
        "is_superuser": false,
        "username": "gsmith",
        "first_name": "",
        "last_name": "",
        "email": "gsmith@cpp.edu",
        "is_staff": false,
        "is_active": true,
        "date_joined": "2016-11-23T22:48:31Z",
        "groups": [],
        "user_permissions": []
    }
},
{
    "model": "auth.user",
    "pk": 10,
    "fields": {
        "password": "pbkdf2_sha256$30000$SEt14QlJlmuC$gjLAi2L5uglGj9pyhVXH2+ZICjtyzLRBywMIeM6i2Fs=",
        "last_login": null,
        "is_superuser": false,
        "username": "jjohnsom",
        "first_name": "",
        "last_name": "",
        "email": "jjohnsom@cpp.edu",
        "is_staff": false,
        "is_active": true,
        "date_joined": "2016-11-23T22:48:31Z",
        "groups": [],
        "user_permissions": []
    }
},
{
    "model": "auth.user",
    "pk": 11,
    "fields": {
        "password": "pbkdf2_sha256$30000$ZZrt9eUxK2bf$CxL6ilhP4oZFCRGyDFuxeo/yddtMzMLb/daYkuf9UJ8=",
        "last_login": null,
        "is_superuser": false,
        "username": "cwilliams",
        "first_name": "",
        "last_name": "",
        "email": "cwilliams@cpp.edu",
        "is_staff": false,
        "is_active": true,
        "date_joined": "2016-11-23T22:48:31Z",
        "groups": [],
        "user_permissions": []
    }
},
{
    "model": "auth.user",
    "pk": 12,
    "fields": {
        "password": "pbkdf2_sha256$30000$KcZOjS8ANSKK$7xQoYKiMtGDrW/KaZNHSzfM2JPsYSKal2i/YkGMQof4=",
        "last_login": null,
        "is_superuser": false,
        "username": "kbrown",
        "first_name": "",
        "last_name": "",
        "email": "kbrown@cpp.edu",
        "is_staff": false,
        "is_active": true,
        "date_joined": "2016-11-23T22:48:31Z",
        "groups": [],
        "user_permissions": []
    }
},
{
    "model": "auth.user",
    "pk": 13,
    "fields": {
        "password": "pbkdf2_sha256$30000$zmJp3U8nhYGt$Vg00STf8dRKUG54gskt/TSnKKoYSFg7MB4El5H1X22o=",
        "last_login": null,
        "is_superuser": false,
        "username": "mjones",
        "first_name": "",
        "last_name": "",
        "email": "mjones@cpp.edu",
        "is_staff": false,
        "is_active": true,
        "date_joined": "2016-11-23T22:48:31Z",
        "groups": [],
        "user_permissions": []
    }
},
{
    "model": "auth.user",
    "pk": 14,
    "fields": {
        "password": "pbkdf2_sha256$30000$joDZZ8MqB0IM$Cj43KsMcmhGt5j8vCK9t2wepioT0ylhkKl2JSQV1bRc=",
        "last_login": null,
        "is_superuser": false,
        "username": "amiller",
        "first_name": "",
        "last_name": "",
        "email": "amiller@cpp.edu",
        "is_staff": false,
        "is_active": true,
        "date_joined": "2016-11-23T22:48:32Z",
        "groups": [],
        "user_permissions": []
    }
},
{
    "model": "auth.user",
    "pk": 15,
    "fields": {
        "password": "pbkdf2_sha256$30000$ahpsC21Q1r7r$nY/4b+aKI/5E5QgdnQkUYdYWkIPsN5J07Q91uMLOgDU=",
        "last_login": null,
        "is_superuser": false,
        "username": "mdavis",
        "first_name": "",
        "last_name": "",
        "email": "mdavis@cpp.edu",
        "is_staff": false,
        "is_active": true,
        "date_joined": "2016-11-23T22:48:32Z",
        "groups": [],
        "user_permissions": []
    }
},
{
    "model": "auth.user",
    "pk": 16,
    "fields": {
        "password": "pbkdf2_sha256$30000$scL8I5UIvthx$crgp0auMI6oUNdndacLOtZW+3b7iT7IdSPf/pI26VuM=",
        "last_login": null,
        "is_superuser": false,
        "username": "tgarcia",
        "first_name": "",
        "last_name": "",
        "email": "tgarcia@cpp.edu",
        "is_staff": false,
        "is_active": true,
        "date_joined": "2016-11-23T22:48:32Z",
        "groups": [],
        "user_permissions": []
    }
},
{
    "model": "auth.user",
    "pk": 17,
    "fields": {
        "password": "pbkdf2_sha256$30000$iXRvlXHaZ5aB$nTtemXCkChJqtrvTxoJqFEPO2lGycpi6KDk3KBaLBVs=",
        "last_login": null,
        "is_superuser": false,
        "username": "mrodriguez",
        "first_name": "",
        "last_name": "",
        "email": "mrodriguez@cpp.edu",
        "is_staff": false,
        "is_active": true,
        "date_joined": "2016-11-23T22:48:32Z",
        "groups": [],
        "user_permissions": []
    }
},
{
    "model": "auth.user",
    "pk": 18,
    "fields": {
        "password": "pbkdf2_sha256$30000$EMw4ewuM1hgR$nf2bclyPJGMVFk5lb1iSRPvLtArDnNoWHIVpwE/KfCc=",
        "last_login": null,
        "is_superuser": false,
        "username": "swilson",
        "first_name": "",
        "last_name": "",
        "email": "swilson@cpp.edu",
        "is_staff": false,
        "is_active": true,
        "date_joined": "2016-11-23T22:48:32Z",
        "groups": [],
        "user_permissions": []
    }
},
{
    "model": "auth.user",
    "pk": 19,
    "fields": {
        "password": "pbkdf2_sha256$30000$XKxNe0sx1TI0$oAgy5OqB9kp3xqFGjfTO29QhtZbwGWxi5O3jOd7tLCs=",
        "last_login": null,
        "is_superuser": false,
        "username": "cmartinez",
        "first_name": "",
        "last_name": "",
        "email": "cmartinez@cpp.edu",
        "is_staff": false,
        "is_active": true,
        "date_joined": "2016-11-23T22:48:32Z",
        "groups": [],
        "user_permissions": []
    }
},
{
    "model": "auth.user",
    "pk": 20,
    "fields": {
        "password": "pbkdf2_sha256$30000$5PXsH8Oq5PU8$GsjqotkM7j12m9qZ3yssJCZozqzR00eskfdRTRtXY0A=",
        "last_login": null,
        "is_superuser": false,
        "username": "tanderson",
        "first_name": "",
        "last_name": "",
        "email": "tanderson@cpp.edu",
        "is_staff": false,
        "is_active": true,
        "date_joined": "2016-11-23T22:48:33Z",
        "groups": [],
        "user_permissions": []
    }
},
{
    "model": "auth.user",
    "pk": 21,
    "fields": {
        "password": "pbkdf2_sha256$30000$exEX9VKPewEX$ohIOnfyomnjOSuPmsVtuNimzdkMAywTR/kI25vdcYB4=",
        "last_login": null,
        "is_superuser": false,
        "username": "ktaylor",
        "first_name": "",
        "last_name": "",
        "email": "ktaylor@cpp.edu",
        "is_staff": false,
        "is_active": true,
        "date_joined": "2016-11-23T22:48:33Z",
        "groups": [],
        "user_permissions": []
    }
},
{
    "model": "auth.user",
    "pk": 22,
    "fields": {
        "password": "pbkdf2_sha256$30000$elzcbuCdKgCK$zKob9jwCXCJjX3cq5t1NTcE/wqk23T4zbHQfdNXgsQ8=",
        "last_login": null,
        "is_superuser": false,
        "username": "athomas",
        "first_name": "",
        "last_name": "",
        "email": "athomas@cpp.edu",
        "is_staff": false,
        "is_active": true,
        "date_joined": "2016-11-23T22:48:33Z",
        "groups": [],
        "user_permissions": []
    }
},
{
    "model": "auth.user",
    "pk": 23,
    "fields": {
        "password": "pbkdf2_sha256$30000$WS5kWcqBlnvW$ZIF1iI+S8DRVTxFwO8/iTi0FVAJ2uztBYrp8S6sYsHg=",
        "last_login": null,
        "is_superuser": false,
        "username": "chernandez",
        "first_name": "",
        "last_name": "",
        "email": "chernandez@cpp.edu",
        "is_staff": false,
        "is_active": true,
        "date_joined": "2016-11-23T22:48:33Z",
        "groups": [],
        "user_permissions": []
    }
},
{
    "model": "auth.user",
    "pk": 24,
    "fields": {
        "password": "pbkdf2_sha256$30000$a8ZMw7Ct8z8Z$LOLCtGkpZx0ACxdqOq01Ql6B4iG1QO2DfDauAZMJ7qs=",
        "last_login": null,
        "is_superuser": false,
        "username": "gmoore",
        "first_name": "",
        "last_name": "",
        "email": "gmoore@cpp.edu",
        "is_staff": false,
        "is_active": true,
        "date_joined": "2016-11-23T22:48:34Z",
        "groups": [],
        "user_permissions": []
    }
},
{
    "model": "auth.user",
    "pk": 25,
    "fields": {
        "password": "pbkdf2_sha256$30000$EPU3nIZbI3tW$ObggBH0HBTbb1S6xozkI0keX+iFeJGy+EQeVDCvJOsY=",
        "last_login": null,
        "is_superuser": false,
        "username": "jmartin",
        "first_name": "",
        "last_name": "",
        "email": "jmartin@cpp.edu",
        "is_staff": false,
        "is_active": true,
        "date_joined": "2016-11-23T22:48:34Z",
        "groups": [],
        "user_permissions": []
    }
},
{
    "model": "auth.user",
    "pk": 26,
    "fields": {
        "password": "pbkdf2_sha256$30000$AfYqEYU4JlCy$j0QO5y4LdvjatUpykLQo+noqyvabJ5nITOH9KaeZvS8=",
        "last_login": null,
        "is_superuser": false,
        "username": "cjackson",
        "first_name": "",
        "last_name": "",
        "email": "cjackson@cpp.edu",
        "is_staff": false,
        "is_active": true,
        "date_joined": "2016-11-23T22:48:34Z",
        "groups": [],
        "user_permissions": []
    }
},
{
    "model": "auth.user",
    "pk": 27,
    "fields": {
        "password": "pbkdf2_sha256$30000$2SFBs90dW8sO$lNyCjGttLcBBOiUSKNGkq7lBoLllC+4WDU+mR43SA5M=",
        "last_login": null,
        "is_superuser": false,
        "username": "dthompson",
        "first_name": "",
        "last_name": "",
        "email": "dthompson@cpp.edu",
        "is_staff": false,
        "is_active": true,
        "date_joined": "2016-11-23T22:48:34Z",
        "groups": [],
        "user_permissions": []
    }
},
{
    "model": "auth.user",
    "pk": 28,
    "fields": {
        "password": "pbkdf2_sha256$30000$eDeYXsFo9UTg$5ipGB8Me+7d8g7uZREBuQ82jJg5KUHMQsWYPdDaFqVQ=",
        "last_login": null,
        "is_superuser": false,
        "username": "mwhite",
        "first_name": "",
        "last_name": "",
        "email": "mwhite@cpp.edu",
        "is_staff": false,
        "is_active": true,
        "date_joined": "2016-11-23T22:48:34Z",
        "groups": [],
        "user_permissions": []
    }
},
{
    "model": "auth.user",
    "pk": 29,
    "fields": {
        "password": "pbkdf2_sha256$30000$w9N0LPK51g5u$XT7kYAyGueUPNVq2WbkRSLiT3skyf2/xqwvOtPXFGzg=",
        "last_login": null,
        "is_superuser": false,
        "username": "slopez",
        "first_name": "",
        "last_name": "",
        "email": "slopez@cpp.edu",
        "is_staff": false,
        "is_active": true,
        "date_joined": "2016-11-23T22:48:35Z",
        "groups": [],
        "user_permissions": []
    }
},
{
    "model": "auth.user",
    "pk": 30,
    "fields": {
        "password": "pbkdf2_sha256$30000$HXIF7olhUclX$rJsWRbdUTKs97e2zVb1nMDSTn5AE9FOFckjIpAo7tog=",
        "last_login": null,
        "is_superuser": false,
        "username": "jlee",
        "first_name": "",
        "last_name": "",
        "email": "jlee@cpp.edu",
        "is_staff": false,
        "is_active": true,
        "date_joined": "2016-11-23T22:48:35Z",
        "groups": [],
        "user_permissions": []
    }
},
{
    "model": "auth.user",
    "pk": 31,
    "fields": {
        "password": "pbkdf2_sha256$30000$PTXDy8Br82rS$hGDu7slt0UPCcSpG8iDiuHTZe90Hr+RutIEzguFTWR0=",
        "last_login": null,
        "is_superuser": false,
        "username": "cgonzalez",
        "first_name": "",
        "last_name": "",
        "email": "cgonzalez@cpp.edu",
        "is_staff": false,
        "is_active": true,
        "date_joined": "2016-11-23T22:48:35Z",
        "groups": [],
        "user_permissions": []
    }
},
{
    "model": "auth.user",
    "pk": 32,
    "fields": {
        "password": "pbkdf2_sha256$30000$AnM70L4ZwC6Y$H2uObXt0vveIWGGIdtPqc9Ez4iRBNVSqQBRC4kCf34A=",
        "last_login": null,
        "is_superuser": false,
        "username": "jharris",
        "first_name": "",
        "last_name": "",
        "email": "jharris@cpp.edu",
        "is_staff": false,
        "is_active": true,
        "date_joined": "2016-11-23T22:48:35Z",
        "groups": [],
        "user_permissions": []
    }
},
{
    "model": "auth.user",
    "pk": 33,
    "fields": {
        "password": "pbkdf2_sha256$30000$T7CDSUOXL8of$IvRR54Lmq+YlVBl0TgroghWP4cjhZeKVWF4dpehIEs8=",
        "last_login": null,
        "is_superuser": false,
        "username": "dclark",
        "first_name": "",
        "last_name": "",
        "email": "dclark@cpp.edu",
        "is_staff": false,
        "is_active": true,
        "date_joined": "2016-11-23T22:48:35Z",
        "groups": [],
        "user_permissions": []
    }
},
{
    "model": "auth.user",
    "pk": 34,
    "fields": {
        "password": "pbkdf2_sha256$30000$Y672JvXCu0Hj$AQ7olW9DDpoNi7YgDT9OvcF6KNQltVxa6/+3nr2qDcY=",
        "last_login": null,
        "is_superuser": false,
        "username": "ilewis",
        "first_name": "",
        "last_name": "",
        "email": "ilewis@cpp.edu",
        "is_staff": false,
        "is_active": true,
        "date_joined": "2016-11-23T22:48:35Z",
        "groups": [],
        "user_permissions": []
    }
},
{
    "model": "auth.user",
    "pk": 35,
    "fields": {
        "password": "pbkdf2_sha256$30000$FjEhBeoEyDj9$6rSVJ53uFWhL+ZtnfkR5fKcK7nE7k1DYpK5tGYT9mho=",
        "last_login": null,
        "is_superuser": false,
        "username": "srobinson",
        "first_name": "",
        "last_name": "",
        "email": "srobinson@cpp.edu",
        "is_staff": false,
        "is_active": true,
        "date_joined": "2016-11-23T22:48:36Z",
        "groups": [],
        "user_permissions": []
    }
},
{
    "model": "auth.user",
    "pk": 36,
    "fields": {
        "password": "pbkdf2_sha256$30000$Ej09LZfyGaRr$Mc9ZqyUdEM/KsDNoUsUR/r8dWfW/K128Nlr0wuxwg9c=",
        "last_login": null,
        "is_superuser": false,
        "username": "kwalker",
        "first_name": "",
        "last_name": "",
        "email": "kwalker@cpp.edu",
        "is_staff": false,
        "is_active": true,
        "date_joined": "2016-11-23T22:48:36Z",
        "groups": [],
        "user_permissions": []
    }
},
{
    "model": "auth.user",
    "pk": 37,
    "fields": {
        "password": "pbkdf2_sha256$30000$KKsN5fJyHGAl$KqtkGP7og56enA15xYdn8fSM2/VW0ZOBhSeeRhgE3nQ=",
        "last_login": null,
        "is_superuser": false,
        "username": "sperez",
        "first_name": "",
        "last_name": "",
        "email": "sperez@cpp.edu",
        "is_staff": true,
        "is_active": true,
        "date_joined": "2016-11-23T22:48:36Z",
        "groups": [],
        "user_permissions": [
            19,
            20,
            21,
            37,
            38,
            39,
            34,
            35,
            36,
            31,
            32,
            33,
            22,
            23,
            24
        ]
    }
},
{
    "model": "auth.user",
    "pk": 38,
    "fields": {
        "password": "pbkdf2_sha256$30000$CkFlNUjm9DTP$Q1UXWr5lStNMLYapN0zTiWzp8TMwFnXd3j/zW9NgSTc=",
        "last_login": null,
        "is_superuser": false,
        "username": "bhall",
        "first_name": "",
        "last_name": "",
        "email": "bhall@cpp.edu",
        "is_staff": true,
        "is_active": true,
        "date_joined": "2016-11-23T22:48:36Z",
        "groups": [],
        "user_permissions": [
            19,
            20,
            21,
            37,
            38,
            39,
            34,
            35,
            36,
            31,
            32,
            33,
            22,
            23,
            24
        ]
    }
},
{
    "model": "courses.course",
    "pk": 1,
    "fields": {
        "course_title": "Software Engineering",
        "course_number": "CS480",
        "course_quarter": "Winter",
        "course_year": 2017,
        "created_by": null,
        "created_on": "2016-11-23T22:48:36Z"
    }
},
{
    "model": "courses.course",
    "pk": 2,
    "fields": {
        "course_title": "Operating Systems",
        "course_number": "CS431",
        "course_quarter": "Winter",
        "course_year": 2017,
        "created_by": null,
        "created_on": "2016-11-23T22:48:36Z"
    }
},
{
    "model": "courses.course",
    "pk": 3,
    "fields": {
        "course_title": "Compilers and Interpreters",
        "course_number": "CS411",
        "course_quarter": "Winter ",
        "course_year": 2017,
        "created_by": null,
        "created_on": "2016-11-23T22:48:36Z"
    }
},
{
    "model": "students.siteuser",
    "pk": 1,
    "fields": {
        "user": 1,
        "is_professor": false
    }
},
{
    "model": "students.siteuser",
    "pk": 2,
    "fields": {
        "user": 2,
        "is_professor": false
    }
},
{
    "model": "students.siteuser",
    "pk": 3,
    "fields": {
        "user": 3,
        "is_professor": false
    }
},
{
    "model": "students.siteuser",
    "pk": 4,
    "fields": {
        "user": 4,
        "is_professor": false
    }
},
{
    "model": "students.siteuser",
    "pk": 5,
    "fields": {
        "user": 5,
        "is_professor": false
    }
},
{
    "model": "students.siteuser",
    "pk": 6,
    "fields": {
        "user": 6,
        "is_professor": false
    }
},
{
    "model": "students.siteuser",
    "pk": 7,
    "fields": {
        "user": 7,
        "is_professor": false
    }
},
{
    "model": "students.siteuser",
    "pk": 8,
    "fields": {
        "user": 8,
        "is_professor": false
    }
},
{
    "model": "students.siteuser",
    "pk": 9,
    "fields": {
        "user": 9,
        "is_professor": false
    }
},
{
    "model": "students.siteuser",
    "pk": 10,
    "fields": {
        "user": 10,
        "is_professor": false
    }
},
{
    "model": "students.siteuser",
    "pk": 11,
    "fields": {
        "user": 11,
        "is_professor": false
    }
},
{
    "model": "students.siteuser",
    "pk": 12,
    "fields": {
        "user": 12,
        "is_professor": false
    }
},
{
    "model": "students.siteuser",
    "pk": 13,
    "fields": {
        "user": 13,
        "is_professor": false
    }
},
{
    "model": "students.siteuser",
    "pk": 14,
    "fields": {
        "user": 14,
        "is_professor": false
    }
},
{
    "model": "students.siteuser",
    "pk": 15,
    "fields": {
        "user": 15,
        "is_professor": false
    }
},
{
    "model": "students.siteuser",
    "pk": 16,
    "fields": {
        "user": 16,
        "is_professor": false
    }
},
{
    "model": "students.siteuser",
    "pk": 17,
    "fields": {
        "user": 17,
        "is_professor": false
    }
},
{
    "model": "students.siteuser",
    "pk": 18,
    "fields": {
        "user": 18,
        "is_professor": false
    }
},
{
    "model": "students.siteuser",
    "pk": 19,
    "fields": {
        "user": 19,
        "is_professor": false
    }
},
{
    "model": "students.siteuser",
    "pk": 20,
    "fields": {
        "user": 20,
        "is_professor": false
    }
},
{
    "model": "students.siteuser",
    "pk": 21,
    "fields": {
        "user": 21,
        "is_professor": false
    }
},
{
    "model": "students.siteuser",
    "pk": 22,
    "fields": {
        "user": 22,
        "is_professor": false
    }
},
{
    "model": "students.siteuser",
    "pk": 23,
    "fields": {
        "user": 23,
        "is_professor": false
    }
},
{
    "model": "students.siteuser",
    "pk": 24,
    "fields": {
        "user": 24,
        "is_professor": false
    }
},
{
    "model": "students.siteuser",
    "pk": 25,
    "fields": {
        "user": 25,
        "is_professor": false
    }
},
{
    "model": "students.siteuser",
    "pk": 26,
    "fields": {
        "user": 26,
        "is_professor": false
    }
},
{
    "model": "students.siteuser",
    "pk": 27,
    "fields": {
        "user": 27,
        "is_professor": false
    }
},
{
    "model": "students.siteuser",
    "pk": 28,
    "fields": {
        "user": 28,
        "is_professor": false
    }
},
{
    "model": "students.siteuser",
    "pk": 29,
    "fields": {
        "user": 29,
        "is_professor": false
    }
},
{
    "model": "students.siteuser",
    "pk": 30,
    "fields": {
        "user": 30,
        "is_professor": false
    }
},
{
    "model": "students.siteuser",
    "pk": 31,
    "fields": {
        "user": 31,
        "is_professor": false
    }
},
{
    "model": "students.siteuser",
    "pk": 32,
    "fields": {
        "user": 32,
        "is_professor": false
    }
},
{
    "model": "students.siteuser",
    "pk": 33,
    "fields": {
        "user": 33,
        "is_professor": false
    }
},
{
    "model": "students.siteuser",
    "pk": 34,
    "fields": {
        "user": 34,
        "is_professor": false
    }
},
{
    "model": "students.siteuser",
    "pk": 35,
    "fields": {
        "user": 35,
        "is_professor": false
    }
},
{
    "model": "students.siteuser",
    "pk": 36,
    "fields": {
        "user": 36,
        "is_professor": false
    }
},
{
    "model": "students.siteuser",
    "pk": 37,
    "fields": {
        "user": 37,
        "is_professor": true
    }
},
{
    "model": "students.siteuser",
    "pk": 38,
    "fields": {
        "user": 38,
        "is_professor": true
    }
},
{
    "model": "questions.question",
    "pk": 1,
    "fields": {
        "question_text": "What would you say your experience level in Javascript is?",
        "relative_weight": 1,
        "created_by": null,
        "created_on": "2016-11-23T22:48:36Z"
    }
},
{
    "model": "questions.question",
    "pk": 2,
    "fields": {
        "question_text": "What would you say your experience level in Java is?",
        "relative_weight": 1,
        "created_by": null,
        "created_on": "2016-11-23T22:48:36Z"
    }
},
{
    "model": "questions.question",
    "pk": 3,
    "fields": {
        "question_text": "What would you say your experience level in HTML is?",
        "relative_weight": 1,
        "created_by": null,
        "created_on": "2016-11-23T22:48:36Z"
    }
},
{
    "model": "questions.question",
    "pk": 4,
    "fields": {
        "question_text": "What would you say your experience level in CSS is?",
        "relative_weight": 1,
        "created_by": null,
        "created_on": "2016-11-23T22:48:36Z"
    }
},
{
    "model": "questions.question",
    "pk": 5,
    "fields": {
        "question_text": "What would you say your experience level in Python is?",
        "relative_weight": 1,
        "created_by": null,
        "created_on": "2016-11-23T22:48:36Z"
    }
},
{
    "model": "questions.question",
    "pk": 6,
    "fields": {
        "question_text": "What would you say your experience level in C is?",
        "relative_weight": 1,
        "created_by": null,
        "created_on": "2016-11-23T22:48:36Z"
    }
},
{
    "model": "questions.question",
    "pk": 7,
    "fields": {
        "question_text": "What would you say your experience level in C++ is?",
        "relative_weight": 1,
        "created_by": null,
        "created_on": "2016-11-23T22:48:36Z"
    }
},
{
    "model": "questions.question",
    "pk": 8,
    "fields": {
        "question_text": "What would you say your experience level in Spring is?",
        "relative_weight": 1,
        "created_by": null,
        "created_on": "2016-11-23T22:48:36Z"
    }
},
{
    "model": "questions.question",
    "pk": 9,
    "fields": {
        "question_text": "What would you say your experience level in Django is?",
        "relative_weight": 1,
        "created_by": null,
        "created_on": "2016-11-23T22:48:36Z"
    }
},
{
    "model": "questions.question",
    "pk": 10,
    "fields": {
        "question_text": "What would you say your experience level in AngularJS is?",
        "relative_weight": 1,
        "created_by": null,
        "created_on": "2016-11-23T22:48:36Z"
    }
},
{
    "model": "questions.question",
    "pk": 11,
    "fields": {
        "question_text": "What would you say your experience level in Ruby on Rails is?",
        "relative_weight": 1,
        "created_by": null,
        "created_on": "2016-11-23T22:48:36Z"
    }
},
{
    "model": "questions.question",
    "pk": 12,
    "fields": {
        "question_text": "What would you say your experience level in MySQL is?",
        "relative_weight": 1,
        "created_by": null,
        "created_on": "2016-11-23T22:48:36Z"
    }
},
{
    "model": "questions.question",
    "pk": 13,
    "fields": {
        "question_text": "What would you say your experience level in PostgreSQL is?",
        "relative_weight": 1,
        "created_by": null,
        "created_on": "2016-11-23T22:48:36Z"
    }
},
{
    "model": "questions.question",
    "pk": 14,
    "fields": {
        "question_text": "What would you say your experience level in MongoDB is?",
        "relative_weight": 1,
        "created_by": null,
        "created_on": "2016-11-23T22:48:36Z"
    }
},
{
    "model": "questions.question",
    "pk": 15,
    "fields": {
        "question_text": "What would you say your experience level in Microsoft SQL Server is?",
        "relative_weight": 1,
        "created_by": null,
        "created_on": "2016-11-23T22:48:36Z"
    }
},
{
    "model": "questions.question",
    "pk": 16,
    "fields": {
        "question_text": "How much time have you spent programming in Javascript",
        "relative_weight": 1,
        "created_by": null,
        "created_on": "2016-11-23T22:48:36Z"
    }
},
{
    "model": "questions.question",
    "pk": 17,
    "fields": {
        "question_text": "How much time have you spent programming in Java",
        "relative_weight": 1,
        "created_by": null,
        "created_on": "2016-11-23T22:48:36Z"
    }
},
{
    "model": "questions.question",
    "pk": 18,
    "fields": {
        "question_text": "How much time have you spent programming in HTML",
        "relative_weight": 1,
        "created_by": null,
        "created_on": "2016-11-23T22:48:36Z"
    }
},
{
    "model": "questions.question",
    "pk": 19,
    "fields": {
        "question_text": "How much time have you spent programming in CSS",
        "relative_weight": 1,
        "created_by": null,
        "created_on": "2016-11-23T22:48:36Z"
    }
},
{
    "model": "questions.question",
    "pk": 20,
    "fields": {
        "question_text": "How much time have you spent programming in Python",
        "relative_weight": 1,
        "created_by": null,
        "created_on": "2016-11-23T22:48:36Z"
    }
},
{
    "model": "questions.question",
    "pk": 21,
    "fields": {
        "question_text": "How much time have you spent programming in C",
        "relative_weight": 1,
        "created_by": null,
        "created_on": "2016-11-23T22:48:36Z"
    }
},
{
    "model": "questions.question",
    "pk": 22,
    "fields": {
        "question_text": "How much time have you spent programming in C++",
        "relative_weight": 1,
        "created_by": null,
        "created_on": "2016-11-23T22:48:36Z"
    }
},
{
    "model": "questions.question",
    "pk": 23,
    "fields": {
        "question_text": "How much time have you spent working with Spring?",
        "relative_weight": 1,
        "created_by": null,
        "created_on": "2016-11-23T22:48:36Z"
    }
},
{
    "model": "questions.question",
    "pk": 24,
    "fields": {
        "question_text": "How much time have you spent working with Django?",
        "relative_weight": 1,
        "created_by": null,
        "created_on": "2016-11-23T22:48:36Z"
    }
},
{
    "model": "questions.question",
    "pk": 25,
    "fields": {
        "question_text": "How much time have you spent working with AngularJS?",
        "relative_weight": 1,
        "created_by": null,
        "created_on": "2016-11-23T22:48:36Z"
    }
},
{
    "model": "questions.question",
    "pk": 26,
    "fields": {
        "question_text": "How much time have you spent working with Ruby on Rails?",
        "relative_weight": 1,
        "created_by": null,
        "created_on": "2016-11-23T22:48:36Z"
    }
},
{
    "model": "questions.question",
    "pk": 27,
    "fields": {
        "question_text": "How much time have you spent working with MySQL?",
        "relative_weight": 1,
        "created_by": null,
        "created_on": "2016-11-23T22:48:36Z"
    }
},
{
    "model": "questions.question",
    "pk": 28,
    "fields": {
        "question_text": "How much time have you spent working with PostgreSQL?",
        "relative_weight": 1,
        "created_by": null,
        "created_on": "2016-11-23T22:48:36Z"
    }
},
{
    "model": "questions.question",
    "pk": 29,
    "fields": {
        "question_text": "How much time have you spent working with MongoDB?",
        "relative_weight": 1,
        "created_by": null,
        "created_on": "2016-11-23T22:48:36Z"
    }
},
{
    "model": "questions.question",
    "pk": 30,
    "fields": {
        "question_text": "How much time have you spent working with Microsoft SQL Server?",
        "relative_weight": 1,
        "created_by": null,
        "created_on": "2016-11-23T22:48:36Z"
    }
},
{
    "model": "questions.question",
    "pk": 31,
    "fields": {
        "question_text": "How much work experience do you have that is related to CS?",
        "relative_weight": 1,
        "created_by": null,
        "created_on": "2016-11-23T22:48:36Z"
    }
},
{
    "model": "questions.question",
    "pk": 32,
    "fields": {
        "question_text": "What would you say your experience level in Javascript is?",
        "relative_weight": 9,
        "created_by": null,
        "created_on": "2016-11-23T22:48:36Z"
    }
},
{
    "model": "questions.question",
    "pk": 33,
    "fields": {
        "question_text": "What would you say your experience level in Java is?",
        "relative_weight": 8,
        "created_by": null,
        "created_on": "2016-11-23T22:48:36Z"
    }
},
{
    "model": "questions.question",
    "pk": 34,
    "fields": {
        "question_text": "What would you say your experience level in HTML is?",
        "relative_weight": 7,
        "created_by": null,
        "created_on": "2016-11-23T22:48:36Z"
    }
},
{
    "model": "questions.question",
    "pk": 35,
    "fields": {
        "question_text": "What would you say your experience level in CSS is?",
        "relative_weight": 6,
        "created_by": null,
        "created_on": "2016-11-23T22:48:36Z"
    }
},
{
    "model": "questions.question",
    "pk": 36,
    "fields": {
        "question_text": "What would you say your experience level in Python is?",
        "relative_weight": 5,
        "created_by": null,
        "created_on": "2016-11-23T22:48:36Z"
    }
},
{
    "model": "questions.question",
    "pk": 37,
    "fields": {
        "question_text": "What would you say your experience level in C is?",
        "relative_weight": 4,
        "created_by": null,
        "created_on": "2016-11-23T22:48:36Z"
    }
},
{
    "model": "questions.question",
    "pk": 38,
    "fields": {
        "question_text": "What would you say your experience level in C++ is?",
        "relative_weight": 3,
        "created_by": null,
        "created_on": "2016-11-23T22:48:36Z"
    }
},
{
    "model": "questions.question",
    "pk": 39,
    "fields": {
        "question_text": "What would you say your experience level in Spring is?",
        "relative_weight": 9,
        "created_by": null,
        "created_on": "2016-11-23T22:48:36Z"
    }
},
{
    "model": "questions.question",
    "pk": 40,
    "fields": {
        "question_text": "What would you say your experience level in Django is?",
        "relative_weight": 8,
        "created_by": null,
        "created_on": "2016-11-23T22:48:36Z"
    }
},
{
    "model": "questions.question",
    "pk": 41,
    "fields": {
        "question_text": "What would you say your experience level in AngularJS is?",
        "relative_weight": 7,
        "created_by": null,
        "created_on": "2016-11-23T22:48:36Z"
    }
},
{
    "model": "questions.question",
    "pk": 42,
    "fields": {
        "question_text": "What would you say your experience level in Ruby on Rails is?",
        "relative_weight": 6,
        "created_by": null,
        "created_on": "2016-11-23T22:48:36Z"
    }
},
{
    "model": "questions.question",
    "pk": 43,
    "fields": {
        "question_text": "What would you say your experience level in MySQL is?",
        "relative_weight": 9,
        "created_by": null,
        "created_on": "2016-11-23T22:48:36Z"
    }
},
{
    "model": "questions.question",
    "pk": 44,
    "fields": {
        "question_text": "What would you say your experience level in PostgreSQL is?",
        "relative_weight": 8,
        "created_by": null,
        "created_on": "2016-11-23T22:48:36Z"
    }
},
{
    "model": "questions.question",
    "pk": 45,
    "fields": {
        "question_text": "What would you say your experience level in MongoDB is?",
        "relative_weight": 7,
        "created_by": null,
        "created_on": "2016-11-23T22:48:36Z"
    }
},
{
    "model": "questions.question",
    "pk": 46,
    "fields": {
        "question_text": "What would you say your experience level in Microsoft SQL Server is?",
        "relative_weight": 6,
        "created_by": null,
        "created_on": "2016-11-23T22:48:36Z"
    }
},
{
    "model": "questions.question",
    "pk": 47,
    "fields": {
        "question_text": "How much time have you spent programming in Javascript",
        "relative_weight": 2,
        "created_by": null,
        "created_on": "2016-11-23T22:48:36Z"
    }
},
{
    "model": "questions.question",
    "pk": 48,
    "fields": {
        "question_text": "How much time have you spent programming in Java",
        "relative_weight": 2,
        "created_by": null,
        "created_on": "2016-11-23T22:48:36Z"
    }
},
{
    "model": "questions.question",
    "pk": 49,
    "fields": {
        "question_text": "How much time have you spent programming in HTML",
        "relative_weight": 2,
        "created_by": null,
        "created_on": "2016-11-23T22:48:36Z"
    }
},
{
    "model": "questions.question",
    "pk": 50,
    "fields": {
        "question_text": "How much time have you spent programming in CSS",
        "relative_weight": 2,
        "created_by": null,
        "created_on": "2016-11-23T22:48:36Z"
    }
},
{
    "model": "questions.question",
    "pk": 51,
    "fields": {
        "question_text": "How much time have you spent programming in Python",
        "relative_weight": 2,
        "created_by": null,
        "created_on": "2016-11-23T22:48:36Z"
    }
},
{
    "model": "questions.question",
    "pk": 52,
    "fields": {
        "question_text": "How much time have you spent programming in C",
        "relative_weight": 2,
        "created_by": null,
        "created_on": "2016-11-23T22:48:36Z"
    }
},
{
    "model": "questions.question",
    "pk": 53,
    "fields": {
        "question_text": "How much time have you spent programming in C++",
        "relative_weight": 2,
        "created_by": null,
        "created_on": "2016-11-23T22:48:36Z"
    }
},
{
    "model": "questions.question",
    "pk": 54,
    "fields": {
        "question_text": "How much time have you spent working with Spring?",
        "relative_weight": 2,
        "created_by": null,
        "created_on": "2016-11-23T22:48:36Z"
    }
},
{
    "model": "questions.question",
    "pk": 55,
    "fields": {
        "question_text": "How much time have you spent working with Django?",
        "relative_weight": 2,
        "created_by": null,
        "created_on": "2016-11-23T22:48:36Z"
    }
},
{
    "model": "questions.question",
    "pk": 56,
    "fields": {
        "question_text": "How much time have you spent working with AngularJS?",
        "relative_weight": 2,
        "created_by": null,
        "created_on": "2016-11-23T22:48:36Z"
    }
},
{
    "model": "questions.question",
    "pk": 57,
    "fields": {
        "question_text": "How much time have you spent working with Ruby on Rails?",
        "relative_weight": 2,
        "created_by": null,
        "created_on": "2016-11-23T22:48:36Z"
    }
},
{
    "model": "questions.question",
    "pk": 58,
    "fields": {
        "question_text": "How much time have you spent working with MySQL?",
        "relative_weight": 2,
        "created_by": null,
        "created_on": "2016-11-23T22:48:36Z"
    }
},
{
    "model": "questions.question",
    "pk": 59,
    "fields": {
        "question_text": "How much time have you spent working with PostgreSQL?",
        "relative_weight": 2,
        "created_by": null,
        "created_on": "2016-11-23T22:48:36Z"
    }
},
{
    "model": "questions.question",
    "pk": 60,
    "fields": {
        "question_text": "How much time have you spent working with MongoDB?",
        "relative_weight": 2,
        "created_by": null,
        "created_on": "2016-11-23T22:48:36Z"
    }
},
{
    "model": "questions.question",
    "pk": 61,
    "fields": {
        "question_text": "How much time have you spent working with Microsoft SQL Server?",
        "relative_weight": 2,
        "created_by": null,
        "created_on": "2016-11-23T22:48:36Z"
    }
},
{
    "model": "questions.question",
    "pk": 62,
    "fields": {
        "question_text": "How much work experience do you have that is related to CS?",
        "relative_weight": 2,
        "created_by": null,
        "created_on": "2016-11-23T22:48:36Z"
    }
},
{
    "model": "questions.option",
    "pk": 1,
    "fields": {
        "question": 1,
        "option": "None",
        "rank": 1,
        "created_by": null,
        "created_on": "2016-11-23T22:48:36Z"
    }
},
{
    "model": "questions.option",
    "pk": 2,
    "fields": {
        "question": 1,
        "option": "Novice",
        "rank": 2,
        "created_by": null,
        "created_on": "2016-11-23T22:48:36Z"
    }
},
{
    "model": "questions.option",
    "pk": 3,
    "fields": {
        "question": 1,
        "option": "Intermediate",
        "rank": 3,
        "created_by": null,
        "created_on": "2016-11-23T22:48:36Z"
    }
},
{
    "model": "questions.option",
    "pk": 4,
    "fields": {
        "question": 1,
        "option": "Expert",
        "rank": 4,
        "created_by": null,
        "created_on": "2016-11-23T22:48:36Z"
    }
},
{
    "model": "questions.option",
    "pk": 5,
    "fields": {
        "question": 2,
        "option": "None",
        "rank": 1,
        "created_by": null,
        "created_on": "2016-11-23T22:48:36Z"
    }
},
{
    "model": "questions.option",
    "pk": 6,
    "fields": {
        "question": 2,
        "option": "Novice",
        "rank": 2,
        "created_by": null,
        "created_on": "2016-11-23T22:48:36Z"
    }
},
{
    "model": "questions.option",
    "pk": 7,
    "fields": {
        "question": 2,
        "option": "Intermediate",
        "rank": 3,
        "created_by": null,
        "created_on": "2016-11-23T22:48:36Z"
    }
},
{
    "model": "questions.option",
    "pk": 8,
    "fields": {
        "question": 2,
        "option": "Expert",
        "rank": 4,
        "created_by": null,
        "created_on": "2016-11-23T22:48:36Z"
    }
},
{
    "model": "questions.option",
    "pk": 9,
    "fields": {
        "question": 3,
        "option": "None",
        "rank": 1,
        "created_by": null,
        "created_on": "2016-11-23T22:48:36Z"
    }
},
{
    "model": "questions.option",
    "pk": 10,
    "fields": {
        "question": 3,
        "option": "Novice",
        "rank": 2,
        "created_by": null,
        "created_on": "2016-11-23T22:48:36Z"
    }
},
{
    "model": "questions.option",
    "pk": 11,
    "fields": {
        "question": 3,
        "option": "Intermediate",
        "rank": 3,
        "created_by": null,
        "created_on": "2016-11-23T22:48:36Z"
    }
},
{
    "model": "questions.option",
    "pk": 12,
    "fields": {
        "question": 3,
        "option": "Expert",
        "rank": 4,
        "created_by": null,
        "created_on": "2016-11-23T22:48:36Z"
    }
},
{
    "model": "questions.option",
    "pk": 13,
    "fields": {
        "question": 4,
        "option": "None",
        "rank": 1,
        "created_by": null,
        "created_on": "2016-11-23T22:48:36Z"
    }
},
{
    "model": "questions.option",
    "pk": 14,
    "fields": {
        "question": 4,
        "option": "Novice",
        "rank": 2,
        "created_by": null,
        "created_on": "2016-11-23T22:48:36Z"
    }
},
{
    "model": "questions.option",
    "pk": 15,
    "fields": {
        "question": 4,
        "option": "Intermediate",
        "rank": 3,
        "created_by": null,
        "created_on": "2016-11-23T22:48:36Z"
    }
},
{
    "model": "questions.option",
    "pk": 16,
    "fields": {
        "question": 4,
        "option": "Expert",
        "rank": 4,
        "created_by": null,
        "created_on": "2016-11-23T22:48:36Z"
    }
},
{
    "model": "questions.option",
    "pk": 17,
    "fields": {
        "question": 5,
        "option": "None",
        "rank": 1,
        "created_by": null,
        "created_on": "2016-11-23T22:48:36Z"
    }
},
{
    "model": "questions.option",
    "pk": 18,
    "fields": {
        "question": 5,
        "option": "Novice",
        "rank": 2,
        "created_by": null,
        "created_on": "2016-11-23T22:48:36Z"
    }
},
{
    "model": "questions.option",
    "pk": 19,
    "fields": {
        "question": 5,
        "option": "Intermediate",
        "rank": 3,
        "created_by": null,
        "created_on": "2016-11-23T22:48:36Z"
    }
},
{
    "model": "questions.option",
    "pk": 20,
    "fields": {
        "question": 5,
        "option": "Expert",
        "rank": 4,
        "created_by": null,
        "created_on": "2016-11-23T22:48:36Z"
    }
},
{
    "model": "questions.option",
    "pk": 21,
    "fields": {
        "question": 6,
        "option": "None",
        "rank": 1,
        "created_by": null,
        "created_on": "2016-11-23T22:48:36Z"
    }
},
{
    "model": "questions.option",
    "pk": 22,
    "fields": {
        "question": 6,
        "option": "Novice",
        "rank": 2,
        "created_by": null,
        "created_on": "2016-11-23T22:48:36Z"
    }
},
{
    "model": "questions.option",
    "pk": 23,
    "fields": {
        "question": 6,
        "option": "Intermediate",
        "rank": 3,
        "created_by": null,
        "created_on": "2016-11-23T22:48:36Z"
    }
},
{
    "model": "questions.option",
    "pk": 24,
    "fields": {
        "question": 6,
        "option": "Expert",
        "rank": 4,
        "created_by": null,
        "created_on": "2016-11-23T22:48:36Z"
    }
},
{
    "model": "questions.option",
    "pk": 25,
    "fields": {
        "question": 7,
        "option": "None",
        "rank": 1,
        "created_by": null,
        "created_on": "2016-11-23T22:48:36Z"
    }
},
{
    "model": "questions.option",
    "pk": 26,
    "fields": {
        "question": 7,
        "option": "Novice",
        "rank": 2,
        "created_by": null,
        "created_on": "2016-11-23T22:48:36Z"
    }
},
{
    "model": "questions.option",
    "pk": 27,
    "fields": {
        "question": 7,
        "option": "Intermediate",
        "rank": 3,
        "created_by": null,
        "created_on": "2016-11-23T22:48:36Z"
    }
},
{
    "model": "questions.option",
    "pk": 28,
    "fields": {
        "question": 7,
        "option": "Expert",
        "rank": 4,
        "created_by": null,
        "created_on": "2016-11-23T22:48:36Z"
    }
},
{
    "model": "questions.option",
    "pk": 29,
    "fields": {
        "question": 8,
        "option": "None",
        "rank": 1,
        "created_by": null,
        "created_on": "2016-11-23T22:48:36Z"
    }
},
{
    "model": "questions.option",
    "pk": 30,
    "fields": {
        "question": 8,
        "option": "Novice",
        "rank": 2,
        "created_by": null,
        "created_on": "2016-11-23T22:48:36Z"
    }
},
{
    "model": "questions.option",
    "pk": 31,
    "fields": {
        "question": 8,
        "option": "Intermediate",
        "rank": 3,
        "created_by": null,
        "created_on": "2016-11-23T22:48:36Z"
    }
},
{
    "model": "questions.option",
    "pk": 32,
    "fields": {
        "question": 8,
        "option": "Expert",
        "rank": 4,
        "created_by": null,
        "created_on": "2016-11-23T22:48:36Z"
    }
},
{
    "model": "questions.option",
    "pk": 33,
    "fields": {
        "question": 9,
        "option": "None",
        "rank": 1,
        "created_by": null,
        "created_on": "2016-11-23T22:48:36Z"
    }
},
{
    "model": "questions.option",
    "pk": 34,
    "fields": {
        "question": 9,
        "option": "Novice",
        "rank": 2,
        "created_by": null,
        "created_on": "2016-11-23T22:48:36Z"
    }
},
{
    "model": "questions.option",
    "pk": 35,
    "fields": {
        "question": 9,
        "option": "Intermediate",
        "rank": 3,
        "created_by": null,
        "created_on": "2016-11-23T22:48:36Z"
    }
},
{
    "model": "questions.option",
    "pk": 36,
    "fields": {
        "question": 9,
        "option": "Expert",
        "rank": 4,
        "created_by": null,
        "created_on": "2016-11-23T22:48:36Z"
    }
},
{
    "model": "questions.option",
    "pk": 37,
    "fields": {
        "question": 10,
        "option": "None",
        "rank": 1,
        "created_by": null,
        "created_on": "2016-11-23T22:48:36Z"
    }
},
{
    "model": "questions.option",
    "pk": 38,
    "fields": {
        "question": 10,
        "option": "Novice",
        "rank": 2,
        "created_by": null,
        "created_on": "2016-11-23T22:48:36Z"
    }
},
{
    "model": "questions.option",
    "pk": 39,
    "fields": {
        "question": 10,
        "option": "Intermediate",
        "rank": 3,
        "created_by": null,
        "created_on": "2016-11-23T22:48:36Z"
    }
},
{
    "model": "questions.option",
    "pk": 40,
    "fields": {
        "question": 10,
        "option": "Expert",
        "rank": 4,
        "created_by": null,
        "created_on": "2016-11-23T22:48:36Z"
    }
},
{
    "model": "questions.option",
    "pk": 41,
    "fields": {
        "question": 11,
        "option": "None",
        "rank": 1,
        "created_by": null,
        "created_on": "2016-11-23T22:48:36Z"
    }
},
{
    "model": "questions.option",
    "pk": 42,
    "fields": {
        "question": 11,
        "option": "Novice",
        "rank": 2,
        "created_by": null,
        "created_on": "2016-11-23T22:48:36Z"
    }
},
{
    "model": "questions.option",
    "pk": 43,
    "fields": {
        "question": 11,
        "option": "Intermediate",
        "rank": 3,
        "created_by": null,
        "created_on": "2016-11-23T22:48:36Z"
    }
},
{
    "model": "questions.option",
    "pk": 44,
    "fields": {
        "question": 11,
        "option": "Expert",
        "rank": 4,
        "created_by": null,
        "created_on": "2016-11-23T22:48:36Z"
    }
},
{
    "model": "questions.option",
    "pk": 45,
    "fields": {
        "question": 12,
        "option": "None",
        "rank": 1,
        "created_by": null,
        "created_on": "2016-11-23T22:48:36Z"
    }
},
{
    "model": "questions.option",
    "pk": 46,
    "fields": {
        "question": 12,
        "option": "Novice",
        "rank": 2,
        "created_by": null,
        "created_on": "2016-11-23T22:48:36Z"
    }
},
{
    "model": "questions.option",
    "pk": 47,
    "fields": {
        "question": 12,
        "option": "Intermediate",
        "rank": 3,
        "created_by": null,
        "created_on": "2016-11-23T22:48:36Z"
    }
},
{
    "model": "questions.option",
    "pk": 48,
    "fields": {
        "question": 12,
        "option": "Expert",
        "rank": 4,
        "created_by": null,
        "created_on": "2016-11-23T22:48:36Z"
    }
},
{
    "model": "questions.option",
    "pk": 49,
    "fields": {
        "question": 13,
        "option": "None",
        "rank": 1,
        "created_by": null,
        "created_on": "2016-11-23T22:48:36Z"
    }
},
{
    "model": "questions.option",
    "pk": 50,
    "fields": {
        "question": 13,
        "option": "Novice",
        "rank": 2,
        "created_by": null,
        "created_on": "2016-11-23T22:48:36Z"
    }
},
{
    "model": "questions.option",
    "pk": 51,
    "fields": {
        "question": 13,
        "option": "Intermediate",
        "rank": 3,
        "created_by": null,
        "created_on": "2016-11-23T22:48:36Z"
    }
},
{
    "model": "questions.option",
    "pk": 52,
    "fields": {
        "question": 13,
        "option": "Expert",
        "rank": 4,
        "created_by": null,
        "created_on": "2016-11-23T22:48:36Z"
    }
},
{
    "model": "questions.option",
    "pk": 53,
    "fields": {
        "question": 14,
        "option": "None",
        "rank": 1,
        "created_by": null,
        "created_on": "2016-11-23T22:48:36Z"
    }
},
{
    "model": "questions.option",
    "pk": 54,
    "fields": {
        "question": 14,
        "option": "Novice",
        "rank": 2,
        "created_by": null,
        "created_on": "2016-11-23T22:48:36Z"
    }
},
{
    "model": "questions.option",
    "pk": 55,
    "fields": {
        "question": 14,
        "option": "Intermediate",
        "rank": 3,
        "created_by": null,
        "created_on": "2016-11-23T22:48:36Z"
    }
},
{
    "model": "questions.option",
    "pk": 56,
    "fields": {
        "question": 14,
        "option": "Expert",
        "rank": 4,
        "created_by": null,
        "created_on": "2016-11-23T22:48:36Z"
    }
},
{
    "model": "questions.option",
    "pk": 57,
    "fields": {
        "question": 15,
        "option": "None",
        "rank": 1,
        "created_by": null,
        "created_on": "2016-11-23T22:48:36Z"
    }
},
{
    "model": "questions.option",
    "pk": 58,
    "fields": {
        "question": 15,
        "option": "Novice",
        "rank": 2,
        "created_by": null,
        "created_on": "2016-11-23T22:48:36Z"
    }
},
{
    "model": "questions.option",
    "pk": 59,
    "fields": {
        "question": 15,
        "option": "Intermediate",
        "rank": 3,
        "created_by": null,
        "created_on": "2016-11-23T22:48:36Z"
    }
},
{
    "model": "questions.option",
    "pk": 60,
    "fields": {
        "question": 15,
        "option": "Expert",
        "rank": 4,
        "created_by": null,
        "created_on": "2016-11-23T22:48:36Z"
    }
},
{
    "model": "questions.option",
    "pk": 61,
    "fields": {
        "question": 16,
        "option": "None",
        "rank": 1,
        "created_by": null,
        "created_on": "2016-11-23T22:48:36Z"
    }
},
{
    "model": "questions.option",
    "pk": 62,
    "fields": {
        "question": 16,
        "option": "> 3 months",
        "rank": 2,
        "created_by": null,
        "created_on": "2016-11-23T22:48:36Z"
    }
},
{
    "model": "questions.option",
    "pk": 63,
    "fields": {
        "question": 16,
        "option": "3 months to 6 months",
        "rank": 3,
        "created_by": null,
        "created_on": "2016-11-23T22:48:36Z"
    }
},
{
    "model": "questions.option",
    "pk": 64,
    "fields": {
        "question": 16,
        "option": "6 months to a year",
        "rank": 4,
        "created_by": null,
        "created_on": "2016-11-23T22:48:36Z"
    }
},
{
    "model": "questions.option",
    "pk": 65,
    "fields": {
        "question": 16,
        "option": "2 years",
        "rank": 5,
        "created_by": null,
        "created_on": "2016-11-23T22:48:36Z"
    }
},
{
    "model": "questions.option",
    "pk": 66,
    "fields": {
        "question": 16,
        "option": "more than 2 years",
        "rank": 6,
        "created_by": null,
        "created_on": "2016-11-23T22:48:36Z"
    }
},
{
    "model": "questions.option",
    "pk": 67,
    "fields": {
        "question": 17,
        "option": "None",
        "rank": 1,
        "created_by": null,
        "created_on": "2016-11-23T22:48:36Z"
    }
},
{
    "model": "questions.option",
    "pk": 68,
    "fields": {
        "question": 17,
        "option": "> 3 months",
        "rank": 2,
        "created_by": null,
        "created_on": "2016-11-23T22:48:36Z"
    }
},
{
    "model": "questions.option",
    "pk": 69,
    "fields": {
        "question": 17,
        "option": "3 months to 6 months",
        "rank": 3,
        "created_by": null,
        "created_on": "2016-11-23T22:48:36Z"
    }
},
{
    "model": "questions.option",
    "pk": 70,
    "fields": {
        "question": 17,
        "option": "6 months to a year",
        "rank": 4,
        "created_by": null,
        "created_on": "2016-11-23T22:48:36Z"
    }
},
{
    "model": "questions.option",
    "pk": 71,
    "fields": {
        "question": 17,
        "option": "2 years",
        "rank": 5,
        "created_by": null,
        "created_on": "2016-11-23T22:48:36Z"
    }
},
{
    "model": "questions.option",
    "pk": 72,
    "fields": {
        "question": 17,
        "option": "more than 2 years",
        "rank": 6,
        "created_by": null,
        "created_on": "2016-11-23T22:48:36Z"
    }
},
{
    "model": "questions.option",
    "pk": 73,
    "fields": {
        "question": 18,
        "option": "None",
        "rank": 1,
        "created_by": null,
        "created_on": "2016-11-23T22:48:36Z"
    }
},
{
    "model": "questions.option",
    "pk": 74,
    "fields": {
        "question": 18,
        "option": "> 3 months",
        "rank": 2,
        "created_by": null,
        "created_on": "2016-11-23T22:48:36Z"
    }
},
{
    "model": "questions.option",
    "pk": 75,
    "fields": {
        "question": 18,
        "option": "3 months to 6 months",
        "rank": 3,
        "created_by": null,
        "created_on": "2016-11-23T22:48:36Z"
    }
},
{
    "model": "questions.option",
    "pk": 76,
    "fields": {
        "question": 18,
        "option": "6 months to a year",
        "rank": 4,
        "created_by": null,
        "created_on": "2016-11-23T22:48:36Z"
    }
},
{
    "model": "questions.option",
    "pk": 77,
    "fields": {
        "question": 18,
        "option": "2 years",
        "rank": 5,
        "created_by": null,
        "created_on": "2016-11-23T22:48:36Z"
    }
},
{
    "model": "questions.option",
    "pk": 78,
    "fields": {
        "question": 18,
        "option": "more than 2 years",
        "rank": 6,
        "created_by": null,
        "created_on": "2016-11-23T22:48:36Z"
    }
},
{
    "model": "questions.option",
    "pk": 79,
    "fields": {
        "question": 19,
        "option": "None",
        "rank": 1,
        "created_by": null,
        "created_on": "2016-11-23T22:48:36Z"
    }
},
{
    "model": "questions.option",
    "pk": 80,
    "fields": {
        "question": 19,
        "option": "> 3 months",
        "rank": 2,
        "created_by": null,
        "created_on": "2016-11-23T22:48:36Z"
    }
},
{
    "model": "questions.option",
    "pk": 81,
    "fields": {
        "question": 19,
        "option": "3 months to 6 months",
        "rank": 3,
        "created_by": null,
        "created_on": "2016-11-23T22:48:36Z"
    }
},
{
    "model": "questions.option",
    "pk": 82,
    "fields": {
        "question": 19,
        "option": "6 months to a year",
        "rank": 4,
        "created_by": null,
        "created_on": "2016-11-23T22:48:36Z"
    }
},
{
    "model": "questions.option",
    "pk": 83,
    "fields": {
        "question": 19,
        "option": "2 years",
        "rank": 5,
        "created_by": null,
        "created_on": "2016-11-23T22:48:36Z"
    }
},
{
    "model": "questions.option",
    "pk": 84,
    "fields": {
        "question": 19,
        "option": "more than 2 years",
        "rank": 6,
        "created_by": null,
        "created_on": "2016-11-23T22:48:36Z"
    }
},
{
    "model": "questions.option",
    "pk": 85,
    "fields": {
        "question": 20,
        "option": "None",
        "rank": 1,
        "created_by": null,
        "created_on": "2016-11-23T22:48:36Z"
    }
},
{
    "model": "questions.option",
    "pk": 86,
    "fields": {
        "question": 20,
        "option": "> 3 months",
        "rank": 2,
        "created_by": null,
        "created_on": "2016-11-23T22:48:36Z"
    }
},
{
    "model": "questions.option",
    "pk": 87,
    "fields": {
        "question": 20,
        "option": "3 months to 6 months",
        "rank": 3,
        "created_by": null,
        "created_on": "2016-11-23T22:48:36Z"
    }
},
{
    "model": "questions.option",
    "pk": 88,
    "fields": {
        "question": 20,
        "option": "6 months to a year",
        "rank": 4,
        "created_by": null,
        "created_on": "2016-11-23T22:48:36Z"
    }
},
{
    "model": "questions.option",
    "pk": 89,
    "fields": {
        "question": 20,
        "option": "2 years",
        "rank": 5,
        "created_by": null,
        "created_on": "2016-11-23T22:48:36Z"
    }
},
{
    "model": "questions.option",
    "pk": 90,
    "fields": {
        "question": 20,
        "option": "more than 2 years",
        "rank": 6,
        "created_by": null,
        "created_on": "2016-11-23T22:48:36Z"
    }
},
{
    "model": "questions.option",
    "pk": 91,
    "fields": {
        "question": 21,
        "option": "None",
        "rank": 1,
        "created_by": null,
        "created_on": "2016-11-23T22:48:36Z"
    }
},
{
    "model": "questions.option",
    "pk": 92,
    "fields": {
        "question": 21,
        "option": "> 3 months",
        "rank": 2,
        "created_by": null,
        "created_on": "2016-11-23T22:48:36Z"
    }
},
{
    "model": "questions.option",
    "pk": 93,
    "fields": {
        "question": 21,
        "option": "3 months to 6 months",
        "rank": 3,
        "created_by": null,
        "created_on": "2016-11-23T22:48:36Z"
    }
},
{
    "model": "questions.option",
    "pk": 94,
    "fields": {
        "question": 21,
        "option": "6 months to a year",
        "rank": 4,
        "created_by": null,
        "created_on": "2016-11-23T22:48:36Z"
    }
},
{
    "model": "questions.option",
    "pk": 95,
    "fields": {
        "question": 21,
        "option": "2 years",
        "rank": 5,
        "created_by": null,
        "created_on": "2016-11-23T22:48:36Z"
    }
},
{
    "model": "questions.option",
    "pk": 96,
    "fields": {
        "question": 21,
        "option": "more than 2 years",
        "rank": 6,
        "created_by": null,
        "created_on": "2016-11-23T22:48:36Z"
    }
},
{
    "model": "questions.option",
    "pk": 97,
    "fields": {
        "question": 22,
        "option": "None",
        "rank": 1,
        "created_by": null,
        "created_on": "2016-11-23T22:48:36Z"
    }
},
{
    "model": "questions.option",
    "pk": 98,
    "fields": {
        "question": 22,
        "option": "> 3 months",
        "rank": 2,
        "created_by": null,
        "created_on": "2016-11-23T22:48:36Z"
    }
},
{
    "model": "questions.option",
    "pk": 99,
    "fields": {
        "question": 22,
        "option": "3 months to 6 months",
        "rank": 3,
        "created_by": null,
        "created_on": "2016-11-23T22:48:36Z"
    }
},
{
    "model": "questions.option",
    "pk": 100,
    "fields": {
        "question": 22,
        "option": "6 months to a year",
        "rank": 4,
        "created_by": null,
        "created_on": "2016-11-23T22:48:36Z"
    }
},
{
    "model": "questions.option",
    "pk": 101,
    "fields": {
        "question": 22,
        "option": "2 years",
        "rank": 5,
        "created_by": null,
        "created_on": "2016-11-23T22:48:36Z"
    }
},
{
    "model": "questions.option",
    "pk": 102,
    "fields": {
        "question": 22,
        "option": "more than 2 years",
        "rank": 6,
        "created_by": null,
        "created_on": "2016-11-23T22:48:36Z"
    }
},
{
    "model": "questions.option",
    "pk": 103,
    "fields": {
        "question": 23,
        "option": "None",
        "rank": 1,
        "created_by": null,
        "created_on": "2016-11-23T22:48:36Z"
    }
},
{
    "model": "questions.option",
    "pk": 104,
    "fields": {
        "question": 23,
        "option": "> 3 months",
        "rank": 2,
        "created_by": null,
        "created_on": "2016-11-23T22:48:36Z"
    }
},
{
    "model": "questions.option",
    "pk": 105,
    "fields": {
        "question": 23,
        "option": "3 months to 6 months",
        "rank": 3,
        "created_by": null,
        "created_on": "2016-11-23T22:48:36Z"
    }
},
{
    "model": "questions.option",
    "pk": 106,
    "fields": {
        "question": 23,
        "option": "6 months to a year",
        "rank": 4,
        "created_by": null,
        "created_on": "2016-11-23T22:48:36Z"
    }
},
{
    "model": "questions.option",
    "pk": 107,
    "fields": {
        "question": 23,
        "option": "2 years",
        "rank": 5,
        "created_by": null,
        "created_on": "2016-11-23T22:48:36Z"
    }
},
{
    "model": "questions.option",
    "pk": 108,
    "fields": {
        "question": 23,
        "option": "more than 2 years",
        "rank": 6,
        "created_by": null,
        "created_on": "2016-11-23T22:48:36Z"
    }
},
{
    "model": "questions.option",
    "pk": 109,
    "fields": {
        "question": 24,
        "option": "None",
        "rank": 1,
        "created_by": null,
        "created_on": "2016-11-23T22:48:36Z"
    }
},
{
    "model": "questions.option",
    "pk": 110,
    "fields": {
        "question": 24,
        "option": "> 3 months",
        "rank": 2,
        "created_by": null,
        "created_on": "2016-11-23T22:48:36Z"
    }
},
{
    "model": "questions.option",
    "pk": 111,
    "fields": {
        "question": 24,
        "option": "3 months to 6 months",
        "rank": 3,
        "created_by": null,
        "created_on": "2016-11-23T22:48:36Z"
    }
},
{
    "model": "questions.option",
    "pk": 112,
    "fields": {
        "question": 24,
        "option": "6 months to a year",
        "rank": 4,
        "created_by": null,
        "created_on": "2016-11-23T22:48:36Z"
    }
},
{
    "model": "questions.option",
    "pk": 113,
    "fields": {
        "question": 24,
        "option": "2 years",
        "rank": 5,
        "created_by": null,
        "created_on": "2016-11-23T22:48:36Z"
    }
},
{
    "model": "questions.option",
    "pk": 114,
    "fields": {
        "question": 24,
        "option": "more than 2 years",
        "rank": 6,
        "created_by": null,
        "created_on": "2016-11-23T22:48:36Z"
    }
},
{
    "model": "questions.option",
    "pk": 115,
    "fields": {
        "question": 25,
        "option": "None",
        "rank": 1,
        "created_by": null,
        "created_on": "2016-11-23T22:48:36Z"
    }
},
{
    "model": "questions.option",
    "pk": 116,
    "fields": {
        "question": 25,
        "option": "> 3 months",
        "rank": 2,
        "created_by": null,
        "created_on": "2016-11-23T22:48:36Z"
    }
},
{
    "model": "questions.option",
    "pk": 117,
    "fields": {
        "question": 25,
        "option": "3 months to 6 months",
        "rank": 3,
        "created_by": null,
        "created_on": "2016-11-23T22:48:36Z"
    }
},
{
    "model": "questions.option",
    "pk": 118,
    "fields": {
        "question": 25,
        "option": "6 months to a year",
        "rank": 4,
        "created_by": null,
        "created_on": "2016-11-23T22:48:36Z"
    }
},
{
    "model": "questions.option",
    "pk": 119,
    "fields": {
        "question": 25,
        "option": "2 years",
        "rank": 5,
        "created_by": null,
        "created_on": "2016-11-23T22:48:36Z"
    }
},
{
    "model": "questions.option",
    "pk": 120,
    "fields": {
        "question": 25,
        "option": "more than 2 years",
        "rank": 6,
        "created_by": null,
        "created_on": "2016-11-23T22:48:36Z"
    }
},
{
    "model": "questions.option",
    "pk": 121,
    "fields": {
        "question": 26,
        "option": "None",
        "rank": 1,
        "created_by": null,
        "created_on": "2016-11-23T22:48:36Z"
    }
},
{
    "model": "questions.option",
    "pk": 122,
    "fields": {
        "question": 26,
        "option": "> 3 months",
        "rank": 2,
        "created_by": null,
        "created_on": "2016-11-23T22:48:36Z"
    }
},
{
    "model": "questions.option",
    "pk": 123,
    "fields": {
        "question": 26,
        "option": "3 months to 6 months",
        "rank": 3,
        "created_by": null,
        "created_on": "2016-11-23T22:48:36Z"
    }
},
{
    "model": "questions.option",
    "pk": 124,
    "fields": {
        "question": 26,
        "option": "6 months to a year",
        "rank": 4,
        "created_by": null,
        "created_on": "2016-11-23T22:48:36Z"
    }
},
{
    "model": "questions.option",
    "pk": 125,
    "fields": {
        "question": 26,
        "option": "2 years",
        "rank": 5,
        "created_by": null,
        "created_on": "2016-11-23T22:48:36Z"
    }
},
{
    "model": "questions.option",
    "pk": 126,
    "fields": {
        "question": 26,
        "option": "more than 2 years",
        "rank": 6,
        "created_by": null,
        "created_on": "2016-11-23T22:48:36Z"
    }
},
{
    "model": "questions.option",
    "pk": 127,
    "fields": {
        "question": 27,
        "option": "None",
        "rank": 1,
        "created_by": null,
        "created_on": "2016-11-23T22:48:36Z"
    }
},
{
    "model": "questions.option",
    "pk": 128,
    "fields": {
        "question": 27,
        "option": "> 3 months",
        "rank": 2,
        "created_by": null,
        "created_on": "2016-11-23T22:48:36Z"
    }
},
{
    "model": "questions.option",
    "pk": 129,
    "fields": {
        "question": 27,
        "option": "3 months to 6 months",
        "rank": 3,
        "created_by": null,
        "created_on": "2016-11-23T22:48:36Z"
    }
},
{
    "model": "questions.option",
    "pk": 130,
    "fields": {
        "question": 27,
        "option": "6 months to a year",
        "rank": 4,
        "created_by": null,
        "created_on": "2016-11-23T22:48:36Z"
    }
},
{
    "model": "questions.option",
    "pk": 131,
    "fields": {
        "question": 27,
        "option": "2 years",
        "rank": 5,
        "created_by": null,
        "created_on": "2016-11-23T22:48:36Z"
    }
},
{
    "model": "questions.option",
    "pk": 132,
    "fields": {
        "question": 27,
        "option": "more than 2 years",
        "rank": 6,
        "created_by": null,
        "created_on": "2016-11-23T22:48:36Z"
    }
},
{
    "model": "questions.option",
    "pk": 133,
    "fields": {
        "question": 28,
        "option": "None",
        "rank": 1,
        "created_by": null,
        "created_on": "2016-11-23T22:48:36Z"
    }
},
{
    "model": "questions.option",
    "pk": 134,
    "fields": {
        "question": 28,
        "option": "> 3 months",
        "rank": 2,
        "created_by": null,
        "created_on": "2016-11-23T22:48:36Z"
    }
},
{
    "model": "questions.option",
    "pk": 135,
    "fields": {
        "question": 28,
        "option": "3 months to 6 months",
        "rank": 3,
        "created_by": null,
        "created_on": "2016-11-23T22:48:36Z"
    }
},
{
    "model": "questions.option",
    "pk": 136,
    "fields": {
        "question": 28,
        "option": "6 months to a year",
        "rank": 4,
        "created_by": null,
        "created_on": "2016-11-23T22:48:36Z"
    }
},
{
    "model": "questions.option",
    "pk": 137,
    "fields": {
        "question": 28,
        "option": "2 years",
        "rank": 5,
        "created_by": null,
        "created_on": "2016-11-23T22:48:36Z"
    }
},
{
    "model": "questions.option",
    "pk": 138,
    "fields": {
        "question": 28,
        "option": "more than 2 years",
        "rank": 6,
        "created_by": null,
        "created_on": "2016-11-23T22:48:36Z"
    }
},
{
    "model": "questions.option",
    "pk": 139,
    "fields": {
        "question": 29,
        "option": "None",
        "rank": 1,
        "created_by": null,
        "created_on": "2016-11-23T22:48:36Z"
    }
},
{
    "model": "questions.option",
    "pk": 140,
    "fields": {
        "question": 29,
        "option": "> 3 months",
        "rank": 2,
        "created_by": null,
        "created_on": "2016-11-23T22:48:36Z"
    }
},
{
    "model": "questions.option",
    "pk": 141,
    "fields": {
        "question": 29,
        "option": "3 months to 6 months",
        "rank": 3,
        "created_by": null,
        "created_on": "2016-11-23T22:48:36Z"
    }
},
{
    "model": "questions.option",
    "pk": 142,
    "fields": {
        "question": 29,
        "option": "6 months to a year",
        "rank": 4,
        "created_by": null,
        "created_on": "2016-11-23T22:48:36Z"
    }
},
{
    "model": "questions.option",
    "pk": 143,
    "fields": {
        "question": 29,
        "option": "2 years",
        "rank": 5,
        "created_by": null,
        "created_on": "2016-11-23T22:48:36Z"
    }
},
{
    "model": "questions.option",
    "pk": 144,
    "fields": {
        "question": 29,
        "option": "more than 2 years",
        "rank": 6,
        "created_by": null,
        "created_on": "2016-11-23T22:48:36Z"
    }
},
{
    "model": "questions.option",
    "pk": 145,
    "fields": {
        "question": 30,
        "option": "None",
        "rank": 1,
        "created_by": null,
        "created_on": "2016-11-23T22:48:36Z"
    }
},
{
    "model": "questions.option",
    "pk": 146,
    "fields": {
        "question": 30,
        "option": "> 3 months",
        "rank": 2,
        "created_by": null,
        "created_on": "2016-11-23T22:48:36Z"
    }
},
{
    "model": "questions.option",
    "pk": 147,
    "fields": {
        "question": 30,
        "option": "3 months to 6 months",
        "rank": 3,
        "created_by": null,
        "created_on": "2016-11-23T22:48:36Z"
    }
},
{
    "model": "questions.option",
    "pk": 148,
    "fields": {
        "question": 30,
        "option": "6 months to a year",
        "rank": 4,
        "created_by": null,
        "created_on": "2016-11-23T22:48:36Z"
    }
},
{
    "model": "questions.option",
    "pk": 149,
    "fields": {
        "question": 30,
        "option": "2 years",
        "rank": 5,
        "created_by": null,
        "created_on": "2016-11-23T22:48:36Z"
    }
},
{
    "model": "questions.option",
    "pk": 150,
    "fields": {
        "question": 30,
        "option": "more than 2 years",
        "rank": 6,
        "created_by": null,
        "created_on": "2016-11-23T22:48:36Z"
    }
},
{
    "model": "questions.option",
    "pk": 151,
    "fields": {
        "question": 31,
        "option": "Coursework Only",
        "rank": 1,
        "created_by": null,
        "created_on": "2016-11-23T22:48:36Z"
    }
},
{
    "model": "questions.option",
    "pk": 152,
    "fields": {
        "question": 31,
        "option": "Intership, less than 3 months",
        "rank": 2,
        "created_by": null,
        "created_on": "2016-11-23T22:48:36Z"
    }
},
{
    "model": "questions.option",
    "pk": 153,
    "fields": {
        "question": 31,
        "option": "Intership, more than 3 months",
        "rank": 3,
        "created_by": null,
        "created_on": "2016-11-23T22:48:36Z"
    }
},
{
    "model": "questions.option",
    "pk": 154,
    "fields": {
        "question": 31,
        "option": "Professional Experience, less than 1 year",
        "rank": 4,
        "created_by": null,
        "created_on": "2016-11-23T22:48:36Z"
    }
},
{
    "model": "questions.option",
    "pk": 155,
    "fields": {
        "question": 31,
        "option": "Professional Experience, more than 1 year",
        "rank": 5,
        "created_by": null,
        "created_on": "2016-11-23T22:48:36Z"
    }
},
{
    "model": "questions.option",
    "pk": 156,
    "fields": {
        "question": 32,
        "option": "None",
        "rank": 2,
        "created_by": null,
        "created_on": "2016-11-23T22:48:36Z"
    }
},
{
    "model": "questions.option",
    "pk": 157,
    "fields": {
        "question": 32,
        "option": "Novice",
        "rank": 5,
        "created_by": null,
        "created_on": "2016-11-23T22:48:36Z"
    }
},
{
    "model": "questions.option",
    "pk": 158,
    "fields": {
        "question": 32,
        "option": "Intermediate",
        "rank": 10,
        "created_by": null,
        "created_on": "2016-11-23T22:48:36Z"
    }
},
{
    "model": "questions.option",
    "pk": 159,
    "fields": {
        "question": 32,
        "option": "Expert",
        "rank": 17,
        "created_by": null,
        "created_on": "2016-11-23T22:48:36Z"
    }
},
{
    "model": "questions.option",
    "pk": 160,
    "fields": {
        "question": 33,
        "option": "None",
        "rank": 2,
        "created_by": null,
        "created_on": "2016-11-23T22:48:36Z"
    }
},
{
    "model": "questions.option",
    "pk": 161,
    "fields": {
        "question": 33,
        "option": "Novice",
        "rank": 5,
        "created_by": null,
        "created_on": "2016-11-23T22:48:36Z"
    }
},
{
    "model": "questions.option",
    "pk": 162,
    "fields": {
        "question": 33,
        "option": "Intermediate",
        "rank": 10,
        "created_by": null,
        "created_on": "2016-11-23T22:48:36Z"
    }
},
{
    "model": "questions.option",
    "pk": 163,
    "fields": {
        "question": 33,
        "option": "Expert",
        "rank": 17,
        "created_by": null,
        "created_on": "2016-11-23T22:48:36Z"
    }
},
{
    "model": "questions.option",
    "pk": 164,
    "fields": {
        "question": 34,
        "option": "None",
        "rank": 2,
        "created_by": null,
        "created_on": "2016-11-23T22:48:36Z"
    }
},
{
    "model": "questions.option",
    "pk": 165,
    "fields": {
        "question": 34,
        "option": "Novice",
        "rank": 5,
        "created_by": null,
        "created_on": "2016-11-23T22:48:36Z"
    }
},
{
    "model": "questions.option",
    "pk": 166,
    "fields": {
        "question": 34,
        "option": "Intermediate",
        "rank": 10,
        "created_by": null,
        "created_on": "2016-11-23T22:48:36Z"
    }
},
{
    "model": "questions.option",
    "pk": 167,
    "fields": {
        "question": 34,
        "option": "Expert",
        "rank": 17,
        "created_by": null,
        "created_on": "2016-11-23T22:48:36Z"
    }
},
{
    "model": "questions.option",
    "pk": 168,
    "fields": {
        "question": 35,
        "option": "None",
        "rank": 2,
        "created_by": null,
        "created_on": "2016-11-23T22:48:36Z"
    }
},
{
    "model": "questions.option",
    "pk": 169,
    "fields": {
        "question": 35,
        "option": "Novice",
        "rank": 5,
        "created_by": null,
        "created_on": "2016-11-23T22:48:36Z"
    }
},
{
    "model": "questions.option",
    "pk": 170,
    "fields": {
        "question": 35,
        "option": "Intermediate",
        "rank": 10,
        "created_by": null,
        "created_on": "2016-11-23T22:48:36Z"
    }
},
{
    "model": "questions.option",
    "pk": 171,
    "fields": {
        "question": 35,
        "option": "Expert",
        "rank": 17,
        "created_by": null,
        "created_on": "2016-11-23T22:48:36Z"
    }
},
{
    "model": "questions.option",
    "pk": 172,
    "fields": {
        "question": 36,
        "option": "None",
        "rank": 2,
        "created_by": null,
        "created_on": "2016-11-23T22:48:36Z"
    }
},
{
    "model": "questions.option",
    "pk": 173,
    "fields": {
        "question": 36,
        "option": "Novice",
        "rank": 5,
        "created_by": null,
        "created_on": "2016-11-23T22:48:36Z"
    }
},
{
    "model": "questions.option",
    "pk": 174,
    "fields": {
        "question": 36,
        "option": "Intermediate",
        "rank": 10,
        "created_by": null,
        "created_on": "2016-11-23T22:48:36Z"
    }
},
{
    "model": "questions.option",
    "pk": 175,
    "fields": {
        "question": 36,
        "option": "Expert",
        "rank": 17,
        "created_by": null,
        "created_on": "2016-11-23T22:48:36Z"
    }
},
{
    "model": "questions.option",
    "pk": 176,
    "fields": {
        "question": 37,
        "option": "None",
        "rank": 2,
        "created_by": null,
        "created_on": "2016-11-23T22:48:36Z"
    }
},
{
    "model": "questions.option",
    "pk": 177,
    "fields": {
        "question": 37,
        "option": "Novice",
        "rank": 5,
        "created_by": null,
        "created_on": "2016-11-23T22:48:36Z"
    }
},
{
    "model": "questions.option",
    "pk": 178,
    "fields": {
        "question": 37,
        "option": "Intermediate",
        "rank": 10,
        "created_by": null,
        "created_on": "2016-11-23T22:48:36Z"
    }
},
{
    "model": "questions.option",
    "pk": 179,
    "fields": {
        "question": 37,
        "option": "Expert",
        "rank": 17,
        "created_by": null,
        "created_on": "2016-11-23T22:48:36Z"
    }
},
{
    "model": "questions.option",
    "pk": 180,
    "fields": {
        "question": 38,
        "option": "None",
        "rank": 2,
        "created_by": null,
        "created_on": "2016-11-23T22:48:36Z"
    }
},
{
    "model": "questions.option",
    "pk": 181,
    "fields": {
        "question": 38,
        "option": "Novice",
        "rank": 5,
        "created_by": null,
        "created_on": "2016-11-23T22:48:36Z"
    }
},
{
    "model": "questions.option",
    "pk": 182,
    "fields": {
        "question": 38,
        "option": "Intermediate",
        "rank": 10,
        "created_by": null,
        "created_on": "2016-11-23T22:48:36Z"
    }
},
{
    "model": "questions.option",
    "pk": 183,
    "fields": {
        "question": 38,
        "option": "Expert",
        "rank": 17,
        "created_by": null,
        "created_on": "2016-11-23T22:48:36Z"
    }
},
{
    "model": "questions.option",
    "pk": 184,
    "fields": {
        "question": 39,
        "option": "None",
        "rank": 2,
        "created_by": null,
        "created_on": "2016-11-23T22:48:36Z"
    }
},
{
    "model": "questions.option",
    "pk": 185,
    "fields": {
        "question": 39,
        "option": "Novice",
        "rank": 5,
        "created_by": null,
        "created_on": "2016-11-23T22:48:36Z"
    }
},
{
    "model": "questions.option",
    "pk": 186,
    "fields": {
        "question": 39,
        "option": "Intermediate",
        "rank": 10,
        "created_by": null,
        "created_on": "2016-11-23T22:48:36Z"
    }
},
{
    "model": "questions.option",
    "pk": 187,
    "fields": {
        "question": 39,
        "option": "Expert",
        "rank": 17,
        "created_by": null,
        "created_on": "2016-11-23T22:48:36Z"
    }
},
{
    "model": "questions.option",
    "pk": 188,
    "fields": {
        "question": 40,
        "option": "None",
        "rank": 2,
        "created_by": null,
        "created_on": "2016-11-23T22:48:36Z"
    }
},
{
    "model": "questions.option",
    "pk": 189,
    "fields": {
        "question": 40,
        "option": "Novice",
        "rank": 5,
        "created_by": null,
        "created_on": "2016-11-23T22:48:36Z"
    }
},
{
    "model": "questions.option",
    "pk": 190,
    "fields": {
        "question": 40,
        "option": "Intermediate",
        "rank": 10,
        "created_by": null,
        "created_on": "2016-11-23T22:48:36Z"
    }
},
{
    "model": "questions.option",
    "pk": 191,
    "fields": {
        "question": 40,
        "option": "Expert",
        "rank": 17,
        "created_by": null,
        "created_on": "2016-11-23T22:48:36Z"
    }
},
{
    "model": "questions.option",
    "pk": 192,
    "fields": {
        "question": 41,
        "option": "None",
        "rank": 2,
        "created_by": null,
        "created_on": "2016-11-23T22:48:36Z"
    }
},
{
    "model": "questions.option",
    "pk": 193,
    "fields": {
        "question": 41,
        "option": "Novice",
        "rank": 5,
        "created_by": null,
        "created_on": "2016-11-23T22:48:36Z"
    }
},
{
    "model": "questions.option",
    "pk": 194,
    "fields": {
        "question": 41,
        "option": "Intermediate",
        "rank": 10,
        "created_by": null,
        "created_on": "2016-11-23T22:48:36Z"
    }
},
{
    "model": "questions.option",
    "pk": 195,
    "fields": {
        "question": 41,
        "option": "Expert",
        "rank": 17,
        "created_by": null,
        "created_on": "2016-11-23T22:48:36Z"
    }
},
{
    "model": "questions.option",
    "pk": 196,
    "fields": {
        "question": 42,
        "option": "None",
        "rank": 2,
        "created_by": null,
        "created_on": "2016-11-23T22:48:36Z"
    }
},
{
    "model": "questions.option",
    "pk": 197,
    "fields": {
        "question": 42,
        "option": "Novice",
        "rank": 5,
        "created_by": null,
        "created_on": "2016-11-23T22:48:36Z"
    }
},
{
    "model": "questions.option",
    "pk": 198,
    "fields": {
        "question": 42,
        "option": "Intermediate",
        "rank": 10,
        "created_by": null,
        "created_on": "2016-11-23T22:48:36Z"
    }
},
{
    "model": "questions.option",
    "pk": 199,
    "fields": {
        "question": 42,
        "option": "Expert",
        "rank": 17,
        "created_by": null,
        "created_on": "2016-11-23T22:48:36Z"
    }
},
{
    "model": "questions.option",
    "pk": 200,
    "fields": {
        "question": 43,
        "option": "None",
        "rank": 2,
        "created_by": null,
        "created_on": "2016-11-23T22:48:36Z"
    }
},
{
    "model": "questions.option",
    "pk": 201,
    "fields": {
        "question": 43,
        "option": "Novice",
        "rank": 5,
        "created_by": null,
        "created_on": "2016-11-23T22:48:36Z"
    }
},
{
    "model": "questions.option",
    "pk": 202,
    "fields": {
        "question": 43,
        "option": "Intermediate",
        "rank": 10,
        "created_by": null,
        "created_on": "2016-11-23T22:48:36Z"
    }
},
{
    "model": "questions.option",
    "pk": 203,
    "fields": {
        "question": 43,
        "option": "Expert",
        "rank": 17,
        "created_by": null,
        "created_on": "2016-11-23T22:48:36Z"
    }
},
{
    "model": "questions.option",
    "pk": 204,
    "fields": {
        "question": 44,
        "option": "None",
        "rank": 2,
        "created_by": null,
        "created_on": "2016-11-23T22:48:36Z"
    }
},
{
    "model": "questions.option",
    "pk": 205,
    "fields": {
        "question": 44,
        "option": "Novice",
        "rank": 5,
        "created_by": null,
        "created_on": "2016-11-23T22:48:36Z"
    }
},
{
    "model": "questions.option",
    "pk": 206,
    "fields": {
        "question": 44,
        "option": "Intermediate",
        "rank": 10,
        "created_by": null,
        "created_on": "2016-11-23T22:48:36Z"
    }
},
{
    "model": "questions.option",
    "pk": 207,
    "fields": {
        "question": 44,
        "option": "Expert",
        "rank": 17,
        "created_by": null,
        "created_on": "2016-11-23T22:48:36Z"
    }
},
{
    "model": "questions.option",
    "pk": 208,
    "fields": {
        "question": 45,
        "option": "None",
        "rank": 2,
        "created_by": null,
        "created_on": "2016-11-23T22:48:36Z"
    }
},
{
    "model": "questions.option",
    "pk": 209,
    "fields": {
        "question": 45,
        "option": "Novice",
        "rank": 5,
        "created_by": null,
        "created_on": "2016-11-23T22:48:36Z"
    }
},
{
    "model": "questions.option",
    "pk": 210,
    "fields": {
        "question": 45,
        "option": "Intermediate",
        "rank": 10,
        "created_by": null,
        "created_on": "2016-11-23T22:48:36Z"
    }
},
{
    "model": "questions.option",
    "pk": 211,
    "fields": {
        "question": 45,
        "option": "Expert",
        "rank": 17,
        "created_by": null,
        "created_on": "2016-11-23T22:48:36Z"
    }
},
{
    "model": "questions.option",
    "pk": 212,
    "fields": {
        "question": 46,
        "option": "None",
        "rank": 2,
        "created_by": null,
        "created_on": "2016-11-23T22:48:36Z"
    }
},
{
    "model": "questions.option",
    "pk": 213,
    "fields": {
        "question": 46,
        "option": "Novice",
        "rank": 5,
        "created_by": null,
        "created_on": "2016-11-23T22:48:36Z"
    }
},
{
    "model": "questions.option",
    "pk": 214,
    "fields": {
        "question": 46,
        "option": "Intermediate",
        "rank": 10,
        "created_by": null,
        "created_on": "2016-11-23T22:48:36Z"
    }
},
{
    "model": "questions.option",
    "pk": 215,
    "fields": {
        "question": 46,
        "option": "Expert",
        "rank": 17,
        "created_by": null,
        "created_on": "2016-11-23T22:48:36Z"
    }
},
{
    "model": "questions.option",
    "pk": 216,
    "fields": {
        "question": 47,
        "option": "None",
        "rank": 2,
        "created_by": null,
        "created_on": "2016-11-23T22:48:36Z"
    }
},
{
    "model": "questions.option",
    "pk": 217,
    "fields": {
        "question": 47,
        "option": "> 3 months",
        "rank": 6,
        "created_by": null,
        "created_on": "2016-11-23T22:48:36Z"
    }
},
{
    "model": "questions.option",
    "pk": 218,
    "fields": {
        "question": 47,
        "option": "3 months to 6 months",
        "rank": 12,
        "created_by": null,
        "created_on": "2016-11-23T22:48:36Z"
    }
},
{
    "model": "questions.option",
    "pk": 219,
    "fields": {
        "question": 47,
        "option": "6 months to a year",
        "rank": 20,
        "created_by": null,
        "created_on": "2016-11-23T22:48:36Z"
    }
},
{
    "model": "questions.option",
    "pk": 220,
    "fields": {
        "question": 47,
        "option": "2 years",
        "rank": 30,
        "created_by": null,
        "created_on": "2016-11-23T22:48:36Z"
    }
},
{
    "model": "questions.option",
    "pk": 221,
    "fields": {
        "question": 47,
        "option": "more than 2 years",
        "rank": 42,
        "created_by": null,
        "created_on": "2016-11-23T22:48:36Z"
    }
},
{
    "model": "questions.option",
    "pk": 222,
    "fields": {
        "question": 48,
        "option": "None",
        "rank": 2,
        "created_by": null,
        "created_on": "2016-11-23T22:48:36Z"
    }
},
{
    "model": "questions.option",
    "pk": 223,
    "fields": {
        "question": 48,
        "option": "> 3 months",
        "rank": 6,
        "created_by": null,
        "created_on": "2016-11-23T22:48:36Z"
    }
},
{
    "model": "questions.option",
    "pk": 224,
    "fields": {
        "question": 48,
        "option": "3 months to 6 months",
        "rank": 12,
        "created_by": null,
        "created_on": "2016-11-23T22:48:36Z"
    }
},
{
    "model": "questions.option",
    "pk": 225,
    "fields": {
        "question": 48,
        "option": "6 months to a year",
        "rank": 20,
        "created_by": null,
        "created_on": "2016-11-23T22:48:36Z"
    }
},
{
    "model": "questions.option",
    "pk": 226,
    "fields": {
        "question": 48,
        "option": "2 years",
        "rank": 30,
        "created_by": null,
        "created_on": "2016-11-23T22:48:36Z"
    }
},
{
    "model": "questions.option",
    "pk": 227,
    "fields": {
        "question": 48,
        "option": "more than 2 years",
        "rank": 42,
        "created_by": null,
        "created_on": "2016-11-23T22:48:36Z"
    }
},
{
    "model": "questions.option",
    "pk": 228,
    "fields": {
        "question": 49,
        "option": "None",
        "rank": 2,
        "created_by": null,
        "created_on": "2016-11-23T22:48:36Z"
    }
},
{
    "model": "questions.option",
    "pk": 229,
    "fields": {
        "question": 49,
        "option": "> 3 months",
        "rank": 6,
        "created_by": null,
        "created_on": "2016-11-23T22:48:36Z"
    }
},
{
    "model": "questions.option",
    "pk": 230,
    "fields": {
        "question": 49,
        "option": "3 months to 6 months",
        "rank": 12,
        "created_by": null,
        "created_on": "2016-11-23T22:48:36Z"
    }
},
{
    "model": "questions.option",
    "pk": 231,
    "fields": {
        "question": 49,
        "option": "6 months to a year",
        "rank": 20,
        "created_by": null,
        "created_on": "2016-11-23T22:48:36Z"
    }
},
{
    "model": "questions.option",
    "pk": 232,
    "fields": {
        "question": 49,
        "option": "2 years",
        "rank": 30,
        "created_by": null,
        "created_on": "2016-11-23T22:48:36Z"
    }
},
{
    "model": "questions.option",
    "pk": 233,
    "fields": {
        "question": 49,
        "option": "more than 2 years",
        "rank": 42,
        "created_by": null,
        "created_on": "2016-11-23T22:48:36Z"
    }
},
{
    "model": "questions.option",
    "pk": 234,
    "fields": {
        "question": 50,
        "option": "None",
        "rank": 2,
        "created_by": null,
        "created_on": "2016-11-23T22:48:36Z"
    }
},
{
    "model": "questions.option",
    "pk": 235,
    "fields": {
        "question": 50,
        "option": "> 3 months",
        "rank": 6,
        "created_by": null,
        "created_on": "2016-11-23T22:48:36Z"
    }
},
{
    "model": "questions.option",
    "pk": 236,
    "fields": {
        "question": 50,
        "option": "3 months to 6 months",
        "rank": 12,
        "created_by": null,
        "created_on": "2016-11-23T22:48:36Z"
    }
},
{
    "model": "questions.option",
    "pk": 237,
    "fields": {
        "question": 50,
        "option": "6 months to a year",
        "rank": 20,
        "created_by": null,
        "created_on": "2016-11-23T22:48:36Z"
    }
},
{
    "model": "questions.option",
    "pk": 238,
    "fields": {
        "question": 50,
        "option": "2 years",
        "rank": 30,
        "created_by": null,
        "created_on": "2016-11-23T22:48:36Z"
    }
},
{
    "model": "questions.option",
    "pk": 239,
    "fields": {
        "question": 50,
        "option": "more than 2 years",
        "rank": 42,
        "created_by": null,
        "created_on": "2016-11-23T22:48:36Z"
    }
},
{
    "model": "questions.option",
    "pk": 240,
    "fields": {
        "question": 51,
        "option": "None",
        "rank": 2,
        "created_by": null,
        "created_on": "2016-11-23T22:48:36Z"
    }
},
{
    "model": "questions.option",
    "pk": 241,
    "fields": {
        "question": 51,
        "option": "> 3 months",
        "rank": 6,
        "created_by": null,
        "created_on": "2016-11-23T22:48:36Z"
    }
},
{
    "model": "questions.option",
    "pk": 242,
    "fields": {
        "question": 51,
        "option": "3 months to 6 months",
        "rank": 12,
        "created_by": null,
        "created_on": "2016-11-23T22:48:36Z"
    }
},
{
    "model": "questions.option",
    "pk": 243,
    "fields": {
        "question": 51,
        "option": "6 months to a year",
        "rank": 20,
        "created_by": null,
        "created_on": "2016-11-23T22:48:36Z"
    }
},
{
    "model": "questions.option",
    "pk": 244,
    "fields": {
        "question": 51,
        "option": "2 years",
        "rank": 30,
        "created_by": null,
        "created_on": "2016-11-23T22:48:36Z"
    }
},
{
    "model": "questions.option",
    "pk": 245,
    "fields": {
        "question": 51,
        "option": "more than 2 years",
        "rank": 42,
        "created_by": null,
        "created_on": "2016-11-23T22:48:36Z"
    }
},
{
    "model": "questions.option",
    "pk": 246,
    "fields": {
        "question": 52,
        "option": "None",
        "rank": 2,
        "created_by": null,
        "created_on": "2016-11-23T22:48:36Z"
    }
},
{
    "model": "questions.option",
    "pk": 247,
    "fields": {
        "question": 52,
        "option": "> 3 months",
        "rank": 6,
        "created_by": null,
        "created_on": "2016-11-23T22:48:36Z"
    }
},
{
    "model": "questions.option",
    "pk": 248,
    "fields": {
        "question": 52,
        "option": "3 months to 6 months",
        "rank": 12,
        "created_by": null,
        "created_on": "2016-11-23T22:48:36Z"
    }
},
{
    "model": "questions.option",
    "pk": 249,
    "fields": {
        "question": 52,
        "option": "6 months to a year",
        "rank": 20,
        "created_by": null,
        "created_on": "2016-11-23T22:48:36Z"
    }
},
{
    "model": "questions.option",
    "pk": 250,
    "fields": {
        "question": 52,
        "option": "2 years",
        "rank": 30,
        "created_by": null,
        "created_on": "2016-11-23T22:48:36Z"
    }
},
{
    "model": "questions.option",
    "pk": 251,
    "fields": {
        "question": 52,
        "option": "more than 2 years",
        "rank": 42,
        "created_by": null,
        "created_on": "2016-11-23T22:48:36Z"
    }
},
{
    "model": "questions.option",
    "pk": 252,
    "fields": {
        "question": 53,
        "option": "None",
        "rank": 2,
        "created_by": null,
        "created_on": "2016-11-23T22:48:36Z"
    }
},
{
    "model": "questions.option",
    "pk": 253,
    "fields": {
        "question": 53,
        "option": "> 3 months",
        "rank": 6,
        "created_by": null,
        "created_on": "2016-11-23T22:48:36Z"
    }
},
{
    "model": "questions.option",
    "pk": 254,
    "fields": {
        "question": 53,
        "option": "3 months to 6 months",
        "rank": 12,
        "created_by": null,
        "created_on": "2016-11-23T22:48:36Z"
    }
},
{
    "model": "questions.option",
    "pk": 255,
    "fields": {
        "question": 53,
        "option": "6 months to a year",
        "rank": 20,
        "created_by": null,
        "created_on": "2016-11-23T22:48:36Z"
    }
},
{
    "model": "questions.option",
    "pk": 256,
    "fields": {
        "question": 53,
        "option": "2 years",
        "rank": 30,
        "created_by": null,
        "created_on": "2016-11-23T22:48:36Z"
    }
},
{
    "model": "questions.option",
    "pk": 257,
    "fields": {
        "question": 53,
        "option": "more than 2 years",
        "rank": 42,
        "created_by": null,
        "created_on": "2016-11-23T22:48:36Z"
    }
},
{
    "model": "questions.option",
    "pk": 258,
    "fields": {
        "question": 54,
        "option": "None",
        "rank": 2,
        "created_by": null,
        "created_on": "2016-11-23T22:48:36Z"
    }
},
{
    "model": "questions.option",
    "pk": 259,
    "fields": {
        "question": 54,
        "option": "> 3 months",
        "rank": 6,
        "created_by": null,
        "created_on": "2016-11-23T22:48:36Z"
    }
},
{
    "model": "questions.option",
    "pk": 260,
    "fields": {
        "question": 54,
        "option": "3 months to 6 months",
        "rank": 12,
        "created_by": null,
        "created_on": "2016-11-23T22:48:36Z"
    }
},
{
    "model": "questions.option",
    "pk": 261,
    "fields": {
        "question": 54,
        "option": "6 months to a year",
        "rank": 20,
        "created_by": null,
        "created_on": "2016-11-23T22:48:36Z"
    }
},
{
    "model": "questions.option",
    "pk": 262,
    "fields": {
        "question": 54,
        "option": "2 years",
        "rank": 30,
        "created_by": null,
        "created_on": "2016-11-23T22:48:36Z"
    }
},
{
    "model": "questions.option",
    "pk": 263,
    "fields": {
        "question": 54,
        "option": "more than 2 years",
        "rank": 42,
        "created_by": null,
        "created_on": "2016-11-23T22:48:36Z"
    }
},
{
    "model": "questions.option",
    "pk": 264,
    "fields": {
        "question": 55,
        "option": "None",
        "rank": 2,
        "created_by": null,
        "created_on": "2016-11-23T22:48:36Z"
    }
},
{
    "model": "questions.option",
    "pk": 265,
    "fields": {
        "question": 55,
        "option": "> 3 months",
        "rank": 6,
        "created_by": null,
        "created_on": "2016-11-23T22:48:36Z"
    }
},
{
    "model": "questions.option",
    "pk": 266,
    "fields": {
        "question": 55,
        "option": "3 months to 6 months",
        "rank": 12,
        "created_by": null,
        "created_on": "2016-11-23T22:48:36Z"
    }
},
{
    "model": "questions.option",
    "pk": 267,
    "fields": {
        "question": 55,
        "option": "6 months to a year",
        "rank": 20,
        "created_by": null,
        "created_on": "2016-11-23T22:48:36Z"
    }
},
{
    "model": "questions.option",
    "pk": 268,
    "fields": {
        "question": 55,
        "option": "2 years",
        "rank": 30,
        "created_by": null,
        "created_on": "2016-11-23T22:48:36Z"
    }
},
{
    "model": "questions.option",
    "pk": 269,
    "fields": {
        "question": 55,
        "option": "more than 2 years",
        "rank": 42,
        "created_by": null,
        "created_on": "2016-11-23T22:48:36Z"
    }
},
{
    "model": "questions.option",
    "pk": 270,
    "fields": {
        "question": 56,
        "option": "None",
        "rank": 2,
        "created_by": null,
        "created_on": "2016-11-23T22:48:36Z"
    }
},
{
    "model": "questions.option",
    "pk": 271,
    "fields": {
        "question": 56,
        "option": "> 3 months",
        "rank": 6,
        "created_by": null,
        "created_on": "2016-11-23T22:48:36Z"
    }
},
{
    "model": "questions.option",
    "pk": 272,
    "fields": {
        "question": 56,
        "option": "3 months to 6 months",
        "rank": 12,
        "created_by": null,
        "created_on": "2016-11-23T22:48:36Z"
    }
},
{
    "model": "questions.option",
    "pk": 273,
    "fields": {
        "question": 56,
        "option": "6 months to a year",
        "rank": 20,
        "created_by": null,
        "created_on": "2016-11-23T22:48:36Z"
    }
},
{
    "model": "questions.option",
    "pk": 274,
    "fields": {
        "question": 56,
        "option": "2 years",
        "rank": 30,
        "created_by": null,
        "created_on": "2016-11-23T22:48:36Z"
    }
},
{
    "model": "questions.option",
    "pk": 275,
    "fields": {
        "question": 56,
        "option": "more than 2 years",
        "rank": 42,
        "created_by": null,
        "created_on": "2016-11-23T22:48:36Z"
    }
},
{
    "model": "questions.option",
    "pk": 276,
    "fields": {
        "question": 57,
        "option": "None",
        "rank": 2,
        "created_by": null,
        "created_on": "2016-11-23T22:48:36Z"
    }
},
{
    "model": "questions.option",
    "pk": 277,
    "fields": {
        "question": 57,
        "option": "> 3 months",
        "rank": 6,
        "created_by": null,
        "created_on": "2016-11-23T22:48:36Z"
    }
},
{
    "model": "questions.option",
    "pk": 278,
    "fields": {
        "question": 57,
        "option": "3 months to 6 months",
        "rank": 12,
        "created_by": null,
        "created_on": "2016-11-23T22:48:36Z"
    }
},
{
    "model": "questions.option",
    "pk": 279,
    "fields": {
        "question": 57,
        "option": "6 months to a year",
        "rank": 20,
        "created_by": null,
        "created_on": "2016-11-23T22:48:36Z"
    }
},
{
    "model": "questions.option",
    "pk": 280,
    "fields": {
        "question": 57,
        "option": "2 years",
        "rank": 30,
        "created_by": null,
        "created_on": "2016-11-23T22:48:36Z"
    }
},
{
    "model": "questions.option",
    "pk": 281,
    "fields": {
        "question": 57,
        "option": "more than 2 years",
        "rank": 42,
        "created_by": null,
        "created_on": "2016-11-23T22:48:36Z"
    }
},
{
    "model": "questions.option",
    "pk": 282,
    "fields": {
        "question": 58,
        "option": "None",
        "rank": 2,
        "created_by": null,
        "created_on": "2016-11-23T22:48:36Z"
    }
},
{
    "model": "questions.option",
    "pk": 283,
    "fields": {
        "question": 58,
        "option": "> 3 months",
        "rank": 6,
        "created_by": null,
        "created_on": "2016-11-23T22:48:36Z"
    }
},
{
    "model": "questions.option",
    "pk": 284,
    "fields": {
        "question": 58,
        "option": "3 months to 6 months",
        "rank": 12,
        "created_by": null,
        "created_on": "2016-11-23T22:48:36Z"
    }
},
{
    "model": "questions.option",
    "pk": 285,
    "fields": {
        "question": 58,
        "option": "6 months to a year",
        "rank": 20,
        "created_by": null,
        "created_on": "2016-11-23T22:48:36Z"
    }
},
{
    "model": "questions.option",
    "pk": 286,
    "fields": {
        "question": 58,
        "option": "2 years",
        "rank": 30,
        "created_by": null,
        "created_on": "2016-11-23T22:48:36Z"
    }
},
{
    "model": "questions.option",
    "pk": 287,
    "fields": {
        "question": 58,
        "option": "more than 2 years",
        "rank": 42,
        "created_by": null,
        "created_on": "2016-11-23T22:48:36Z"
    }
},
{
    "model": "questions.option",
    "pk": 288,
    "fields": {
        "question": 59,
        "option": "None",
        "rank": 2,
        "created_by": null,
        "created_on": "2016-11-23T22:48:36Z"
    }
},
{
    "model": "questions.option",
    "pk": 289,
    "fields": {
        "question": 59,
        "option": "> 3 months",
        "rank": 6,
        "created_by": null,
        "created_on": "2016-11-23T22:48:36Z"
    }
},
{
    "model": "questions.option",
    "pk": 290,
    "fields": {
        "question": 59,
        "option": "3 months to 6 months",
        "rank": 12,
        "created_by": null,
        "created_on": "2016-11-23T22:48:36Z"
    }
},
{
    "model": "questions.option",
    "pk": 291,
    "fields": {
        "question": 59,
        "option": "6 months to a year",
        "rank": 20,
        "created_by": null,
        "created_on": "2016-11-23T22:48:36Z"
    }
},
{
    "model": "questions.option",
    "pk": 292,
    "fields": {
        "question": 59,
        "option": "2 years",
        "rank": 30,
        "created_by": null,
        "created_on": "2016-11-23T22:48:36Z"
    }
},
{
    "model": "questions.option",
    "pk": 293,
    "fields": {
        "question": 59,
        "option": "more than 2 years",
        "rank": 42,
        "created_by": null,
        "created_on": "2016-11-23T22:48:36Z"
    }
},
{
    "model": "questions.option",
    "pk": 294,
    "fields": {
        "question": 60,
        "option": "None",
        "rank": 2,
        "created_by": null,
        "created_on": "2016-11-23T22:48:36Z"
    }
},
{
    "model": "questions.option",
    "pk": 295,
    "fields": {
        "question": 60,
        "option": "> 3 months",
        "rank": 6,
        "created_by": null,
        "created_on": "2016-11-23T22:48:36Z"
    }
},
{
    "model": "questions.option",
    "pk": 296,
    "fields": {
        "question": 60,
        "option": "3 months to 6 months",
        "rank": 12,
        "created_by": null,
        "created_on": "2016-11-23T22:48:36Z"
    }
},
{
    "model": "questions.option",
    "pk": 297,
    "fields": {
        "question": 60,
        "option": "6 months to a year",
        "rank": 20,
        "created_by": null,
        "created_on": "2016-11-23T22:48:36Z"
    }
},
{
    "model": "questions.option",
    "pk": 298,
    "fields": {
        "question": 60,
        "option": "2 years",
        "rank": 30,
        "created_by": null,
        "created_on": "2016-11-23T22:48:36Z"
    }
},
{
    "model": "questions.option",
    "pk": 299,
    "fields": {
        "question": 60,
        "option": "more than 2 years",
        "rank": 42,
        "created_by": null,
        "created_on": "2016-11-23T22:48:36Z"
    }
},
{
    "model": "questions.option",
    "pk": 300,
    "fields": {
        "question": 61,
        "option": "None",
        "rank": 2,
        "created_by": null,
        "created_on": "2016-11-23T22:48:36Z"
    }
},
{
    "model": "questions.option",
    "pk": 301,
    "fields": {
        "question": 61,
        "option": "> 3 months",
        "rank": 6,
        "created_by": null,
        "created_on": "2016-11-23T22:48:36Z"
    }
},
{
    "model": "questions.option",
    "pk": 302,
    "fields": {
        "question": 61,
        "option": "3 months to 6 months",
        "rank": 12,
        "created_by": null,
        "created_on": "2016-11-23T22:48:36Z"
    }
},
{
    "model": "questions.option",
    "pk": 303,
    "fields": {
        "question": 61,
        "option": "6 months to a year",
        "rank": 20,
        "created_by": null,
        "created_on": "2016-11-23T22:48:36Z"
    }
},
{
    "model": "questions.option",
    "pk": 304,
    "fields": {
        "question": 61,
        "option": "2 years",
        "rank": 30,
        "created_by": null,
        "created_on": "2016-11-23T22:48:36Z"
    }
},
{
    "model": "questions.option",
    "pk": 305,
    "fields": {
        "question": 61,
        "option": "more than 2 years",
        "rank": 42,
        "created_by": null,
        "created_on": "2016-11-23T22:48:36Z"
    }
},
{
    "model": "questions.option",
    "pk": 306,
    "fields": {
        "question": 62,
        "option": "Coursework Only",
        "rank": 2,
        "created_by": null,
        "created_on": "2016-11-23T22:48:36Z"
    }
},
{
    "model": "questions.option",
    "pk": 307,
    "fields": {
        "question": 62,
        "option": "Intership, less than 3 months",
        "rank": 6,
        "created_by": null,
        "created_on": "2016-11-23T22:48:36Z"
    }
},
{
    "model": "questions.option",
    "pk": 308,
    "fields": {
        "question": 62,
        "option": "Intership, more than 3 months",
        "rank": 12,
        "created_by": null,
        "created_on": "2016-11-23T22:48:36Z"
    }
},
{
    "model": "questions.option",
    "pk": 309,
    "fields": {
        "question": 62,
        "option": "Professional Experience, less than 1 year",
        "rank": 20,
        "created_by": null,
        "created_on": "2016-11-23T22:48:36Z"
    }
},
{
    "model": "questions.option",
    "pk": 310,
    "fields": {
        "question": 62,
        "option": "Professional Experience, more than 1 year",
        "rank": 30,
        "created_by": null,
        "created_on": "2016-11-23T22:48:36Z"
    }
},
{
    "model": "questions.config",
    "pk": 1,
    "fields": {
        "name": "Configuration 1",
        "description": "",
        "created_by": null,
        "created_on": "2016-11-23T22:48:36Z",
        "questions": [
            1,
            2,
            3,
            4,
            5,
            6,
            7,
            8,
            9,
            10,
            11,
            12,
            13,
            14,
            15,
            16,
            17,
            18,
            19,
            20,
            21,
            22,
            23,
            24,
            25,
            26,
            27,
            28,
            29,
            30,
            31
        ]
    }
},
{
    "model": "questions.config",
    "pk": 2,
    "fields": {
        "name": "Configuration 2",
        "description": "",
        "created_by": null,
        "created_on": "2016-11-23T22:48:36Z",
        "questions": [
            32,
            33,
            34,
            35,
            36,
            37,
            38,
            39,
            40,
            41,
            42,
            43,
            44,
            45,
            46
        ]
    }
},
{
    "model": "questions.config",
    "pk": 3,
    "fields": {
        "name": "Configuration 3",
        "description": "",
        "created_by": null,
        "created_on": "2016-11-23T22:48:36Z",
        "questions": [
            47,
            48,
            49,
            50,
            51,
            52,
            53,
            54,
            55,
            56,
            57,
            58,
            59,
            60,
            61,
            62
        ]
    }
}
]
